phi,frequency,thrust,power,efficiency,LE sigma magnitude
0.0,0.2,0.9048401048362181,-1.0091579022517403,0.8966288653314242,1.6375782227029292
0.0,0.28571428571428575,2.0376577022879707,-3.1686380521383852,0.6430705144479466,2.6292863683733834
0.0,0.37142857142857144,3.6781780161030273,-7.224592122358801,0.5091191244858979,3.679847225526425
0.0,0.4571428571428572,5.624131966118583,-13.295610333299491,0.4230066785300315,4.73893844858185
0.0,0.5428571428571429,8.442672201724989,-24.009268106232827,0.35164221434693643,5.890366228503896
0.0,0.6285714285714287,11.27549267211043,-36.57355800416391,0.3082963016840394,6.897170194219457
0.0,0.7142857142857144,14.946017458557895,-55.11369585700677,0.27118517867746594,8.051373882716439
0.0,0.8,19.409591534845212,-79.35098508790986,0.24460429209973994,9.2984994288189
0.17951958020513104,0.2,0.9043874634340928,-0.995597070503301,0.9083870274717669,1.6223955220560116
0.17951958020513104,0.28571428571428575,2.041769892518024,-3.130424633618661,0.6522341635670715,2.6325797029951494
0.17951958020513104,0.37142857142857144,3.7080595622381938,-7.164931262629278,0.5175289791792735,3.7112699465707992
0.17951958020513104,0.4571428571428572,5.691622764058975,-13.24290746546524,0.429786493555252,4.808206707413233
0.17951958020513104,0.5428571428571429,8.515274782554624,-23.77126207422614,0.3582171933473933,5.920037133620231
0.17951958020513104,0.6285714285714287,11.354758194031227,-36.26414933889085,0.3131124926692825,6.9423545869340115
0.17951958020513104,0.7142857142857144,15.003510376184536,-54.233156035231495,0.27664829917768025,8.399761672037554
0.17951958020513104,0.8,19.846291833955934,-79.11999337560621,0.2508378854348441,9.316093934662458
0.35903916041026207,0.2,0.9034457182236899,-0.9811960584423071,0.9207596284660485,1.5940612675238077
0.35903916041026207,0.28571428571428575,2.0492610071734334,-3.091346234609499,0.6629024546751546,2.6069444009295455
0.35903916041026207,0.37142857142857144,3.7541470124738088,-7.104463596067614,0.5284208950766901,3.698387858973135
0.35903916041026207,0.4571428571428572,5.772128008974101,-13.176183516798822,0.43807283054421586,4.775051805463527
0.35903916041026207,0.5428571428571429,8.789822474680864,-23.87386783517763,0.3681775628216074,5.936337447762596
0.35903916041026207,0.6285714285714287,12.004368988745801,-37.02933992605206,0.32418533553983514,7.126667025166361
0.35903916041026207,0.7142857142857144,14.935318281315027,-53.90734104224589,0.2770553693162231,7.855054392748522
0.35903916041026207,0.8,18.88368973511883,-76.26106869939505,0.24761900216156588,8.627988514132293
0.5385587406153931,0.2,0.9018878825403,-0.9674607715854382,0.9322216559357959,1.5524195229869786
0.5385587406153931,0.28571428571428575,2.0561977042977753,-3.053101314155491,0.673478372553298,2.5611126772489454
0.5385587406153931,0.37142857142857144,3.81675594645139,-7.067283927247056,0.5400598003055106,3.677349073034779
0.5385587406153931,0.4571428571428572,5.980076220722565,-13.243706505234188,0.4515409804920635,4.844211495572113
0.5385587406153931,0.5428571428571429,9.202497965149728,-24.03890557294417,0.38281684402085076,6.048888006970139
0.5385587406153931,0.6285714285714287,12.534006058995153,-37.37016617586762,0.33540140014387165,7.198306223908142
0.5385587406153931,0.7142857142857144,16.03479093395239,-55.466151863110035,0.28909146200598357,8.113886684824308
0.5385587406153931,0.8,21.102046316207044,-79.71252522899125,0.26472685761223735,9.433279554299128
0.7180783208205241,0.2,0.8999944036261487,-0.9561605644415874,0.9412586516279924,1.4993649256088373
0.7180783208205241,0.28571428571428575,2.0626742969390897,-3.0284879284083077,0.6810904800347598,2.4845544312851597
0.7180783208205241,0.37142857142857144,3.817405658801777,-7.016885710392011,0.5440313290478991,3.548389819977786
0.7180783208205241,0.4571428571428572,5.909980998778906,-13.171895942309812,0.4486811180913821,4.5829516786389055
0.7180783208205241,0.5428571428571429,9.15144929800922,-23.894017351271852,0.3830017013661413,5.7886175116332215
0.7180783208205241,0.6285714285714287,12.600679926145869,-37.43519264882075,0.3365998418748034,6.952607892197411
0.7180783208205241,0.7142857142857144,16.171795533553688,-55.78613053878231,0.2898891781409918,7.872000504213566
0.7180783208205241,0.8,20.747780977541456,-79.60096094409052,0.2606473682159957,8.827272564347004
0.8975979010256552,0.2,0.8975487656600737,-0.9482978687492107,0.9464840059631534,1.4364889229510374
0.8975979010256552,0.28571428571428575,2.0674976810653685,-3.016752216060689,0.6853389118464398,2.3823701647666935
0.8975979010256552,0.37142857142857144,3.8642158256810784,-7.024335435143745,0.5501183508902293,3.4262214183657402
0.8975979010256552,0.4571428571428572,6.117843862238164,-13.331151348867365,0.4589133903095283,4.550771672689674
0.8975979010256552,0.5428571428571429,9.188353295820747,-23.989396999968466,0.38301726783015116,5.496709119795091
0.8975979010256552,0.6285714285714287,12.403432968163878,-37.57444193957681,0.3301029191094774,6.5356570095479665
0.8975979010256552,0.7142857142857144,16.721358741653415,-56.76862698094364,0.294552812546735,7.729605427463668
0.8975979010256552,0.8,21.370929681209624,-80.92161471708349,0.26409420716487475,8.542722535813281
1.0771174812307862,0.2,0.8956779777132786,-0.9463536726968681,0.9464516317254028,1.3643963419254714
1.0771174812307862,0.28571428571428575,2.0774678041388683,-3.0220538310136953,0.6874357375169647,2.2824137397330926
1.0771174812307862,0.37142857142857144,3.884783070943529,-7.061822217554595,0.550110573625963,3.2591786574725967
1.0771174812307862,0.4571428571428572,6.151028940544967,-13.504682995327435,0.4554737747397105,4.269296404386602
1.0771174812307862,0.5428571428571429,8.972854537680723,-24.08473638518933,0.3725535706173845,5.131759905846409
1.0771174812307862,0.6285714285714287,12.502590655932856,-38.24657271937695,0.3268944056155557,6.140616025612028
1.0771174812307862,0.7142857142857144,17.259993925662037,-57.907441677272864,0.29806175900248977,7.497483835934123
1.0771174812307862,0.8,21.8208309726157,-82.11380099270085,0.2657388978322337,8.7140427688504
1.2566370614359172,0.2,0.8946256028115115,-0.9497506081268263,0.9419584416755081,1.2882730732125816
1.2566370614359172,0.28571428571428575,2.0832007193670607,-3.041836145069676,0.6848497486439538,2.157968946451138
1.2566370614359172,0.37142857142857144,3.9280912596925104,-7.131591458220299,0.5508014981936125,3.120218498520831
1.2566370614359172,0.4571428571428572,6.204728138215015,-13.723547633454908,0.45212275309113875,4.078606261550441
1.2566370614359172,0.5428571428571429,9.273522593257608,-24.524720420480104,0.3781295947216375,4.886007895227516
1.2566370614359172,0.6285714285714287,12.932815865280636,-39.107946046102015,0.33069534897166203,6.006552786918962
1.2566370614359172,0.7142857142857144,16.48230393785805,-58.03978234684045,0.2839828695318205,6.84849197973976
1.2566370614359172,0.8,21.542344617058422,-83.43464376970591,0.2581942421486095,7.870494426383829
1.4361566416410483,0.2,0.8940702189317686,-0.9578816550585314,0.9333827558031023,1.2243338597388607
1.4361566416410483,0.28571428571428575,2.086112573524936,-3.0744936541205137,0.6785223221160582,2.024494141731955
1.4361566416410483,0.37142857142857144,3.9296604398487878,-7.216103972578763,0.5445681568310989,2.9110945361899576
1.4361566416410483,0.4571428571428572,6.25666184037877,-13.975286965645246,0.44769469534036843,3.8054193440594326
1.4361566416410483,0.5428571428571429,9.519184541412828,-24.88908803270323,0.3824641758229556,4.687823530314565
1.4361566416410483,0.6285714285714287,12.260500084458242,-39.53821932189255,0.31009236871903156,5.390316171237261
1.4361566416410483,0.7142857142857144,17.008982883790353,-59.875074443277875,0.28407451751736296,6.422110054126122
1.4361566416410483,0.8,21.52007280963019,-84.9647001171673,0.25328251356097015,7.33955826038089
1.6156762218461793,0.2,0.8940430387927634,-0.970059536413215,0.9216372864066449,1.2968473436650074
1.6156762218461793,0.28571428571428575,2.0852172076666644,-3.1150635097118444,0.6693979757284484,1.9599870462796198
1.6156762218461793,0.37142857142857144,3.914883089213472,-7.300890942910708,0.5362199106692439,2.6998909692790747
1.6156762218461793,0.4571428571428572,6.216953604418171,-14.200399244603267,0.4378013249719629,3.4928699811978916
1.6156762218461793,0.5428571428571429,9.358724943686882,-25.08274119739165,0.3731141213808041,4.267641661322301
1.6156762218461793,0.6285714285714287,12.834651763339078,-40.34499026149072,0.3181225644163744,5.076162731387732
1.6156762218461793,0.7142857142857144,16.808940138910103,-60.618047377980155,0.27729266886640175,5.826161060186581
1.6156762218461793,0.8,21.903032603720014,-87.43018796714583,0.2505202506478729,6.772111181994081
1.7951958020513104,0.2,0.8946452116803079,-0.9848616282267171,0.9083968610810358,1.3671587445414368
1.7951958020513104,0.28571428571428575,2.080859583462831,-3.1569990235097287,0.6591258242295807,2.080273798996692
1.7951958020513104,0.37142857142857144,3.8820371251919803,-7.3707239235178825,0.5266832899283481,2.792591082811564
1.7951958020513104,0.4571428571428572,6.159354490620394,-14.361348062973585,0.42888414538886055,3.483799093426515
1.7951958020513104,0.5428571428571429,9.224250934199937,-25.17570338264762,0.3663949639857038,4.246373939415807
1.7951958020513104,0.6285714285714287,12.589419001064364,-40.512774697747645,0.31075183309437177,5.101016798612996
1.7951958020513104,0.7142857142857144,16.723291259128686,-61.27462987499648,0.2729235785388683,6.067872691712606
1.7951958020513104,0.8,21.76679579237068,-88.48628209810016,0.24599062449294637,7.012495999490015
1.9747153822564414,0.2,0.8959219172372461,-1.0004125928086847,0.8955524187494699,1.4326721236501616
1.9747153822564414,0.28571428571428575,2.073520219836291,-3.194206109706727,0.649150414412885,2.19278562786059
1.9747153822564414,0.37142857142857144,3.8399254971754453,-7.410635055525253,0.5181641611554542,2.9472072533034592
1.9747153822564414,0.4571428571428572,6.092253008555449,-14.42593047217831,0.4223126556935028,3.672118292438452
1.9747153822564414,0.5428571428571429,9.090213622821086,-25.060887645082392,0.3627251257640439,4.4960771568730955
1.9747153822564414,0.6285714285714287,12.495080614257407,-40.52870364787547,0.3083020054827834,5.394461712618845
1.9747153822564414,0.7142857142857144,16.497957798494415,-61.08992353556173,0.2700602135946464,6.406894781159243
1.9747153822564414,0.8,21.11990712344414,-86.93347117352756,0.24294333170346752,7.6353772354077565
2.1542349624615724,0.2,0.8976984298119939,-1.0149535746700857,0.8844724056504693,1.4910191654183713
2.1542349624615724,0.28571428571428575,2.064219254950948,-3.2223670275630845,0.6405909808827749,2.294725086985302
2.1542349624615724,0.37142857142857144,3.790664826108154,-7.421222753135195,0.510787096978963,3.08232845799191
2.1542349624615724,0.4571428571428572,6.00971100319783,-14.40160957398176,0.41729439840218246,3.8669768313461157
2.1542349624615724,0.5428571428571429,8.908122093875715,-24.77501050787588,0.359560779643014,4.727015903305271
2.1542349624615724,0.6285714285714287,12.291705228742924,-39.98433068024522,0.3074130545547884,5.662895133635147
2.1542349624615724,0.7142857142857144,16.289521926935773,-60.22871352195192,0.27046106374160944,6.776756842636075
2.1542349624615724,0.8,20.896359497075533,-85.90121162051553,0.24326035806560053,7.895529713284423
2.3337545426667035,0.2,0.8998067497544542,-1.0268125547760676,0.8763106231698623,1.543256075243669
2.3337545426667035,0.28571428571428575,2.054594319966776,-3.238673416087049,0.6343937952376587,2.384623086335628
2.3337545426667035,0.37142857142857144,3.740231502841074,-7.403247431526145,0.5052149799713019,3.206193286249817
2.3337545426667035,0.4571428571428572,5.919113482054635,-14.304441017010006,0.4137955111294437,4.035305336793357
2.3337545426667035,0.5428571428571429,8.720906689893836,-24.355038351638235,0.3580740282146682,4.9067512702999565
2.3337545426667035,0.6285714285714287,12.038154599312687,-39.159437731061956,0.3074138776452301,5.891410031443546
2.3337545426667035,0.7142857142857144,15.890160204160892,-58.64942749126147,0.2709346175037849,7.010605994031232
2.3337545426667035,0.8,20.317444174342448,-83.23137956230964,0.2441079828447655,8.018087855712809
2.5132741228718345,0.2,0.9020754989629561,-1.034701203735629,0.8718222185362807,1.5870946010586173
2.5132741228718345,0.28571428571428575,2.0461277349674147,-3.2417586121005524,0.6311783139342357,2.4746320065650282
2.5132741228718345,0.37142857142857144,3.693136988177303,-7.363520891917809,0.5015449867509557,3.341944299260887
2.5132741228718345,0.4571428571428572,5.831799859665588,-14.167050330380933,0.4116453124444274,4.193992718145951
2.5132741228718345,0.5428571428571429,8.538925521082259,-23.86392172208731,0.35781736214710413,5.044869270142985
2.5132741228718345,0.6285714285714287,11.777557954716912,-38.17520731630263,0.3085132677115111,6.012024056830561
2.5132741228718345,0.7142857142857144,15.509816461430999,-56.76547094689216,0.27322624480542856,7.072815651391313
2.5132741228718345,0.8,19.139288697090258,-80.91317097977146,0.23654107811292105,9.074916309721587
2.6927937030769655,0.2,0.9042360545317685,-1.0379760602645636,0.8711530922026208,1.6187657136613334
2.6927937030769655,0.28571428571428575,2.0396917805676518,-3.2314544427797176,0.6311992994749126,2.545982522786874
2.6927937030769655,0.37142857142857144,3.655607268768214,-7.307501089060327,0.5002540847022015,3.4616479180356086
2.6927937030769655,0.4571428571428572,5.759221920732099,-14.024873631682334,0.41064340913004427,4.336350562269953
2.6927937030769655,0.5428571428571429,8.365750048217114,-23.37714805916936,0.35786016442393903,5.160511038631212
2.6927937030769655,0.6285714285714287,11.48895617983687,-37.06164854075982,0.3099958213461956,6.032055697385703
2.6927937030769655,0.7142857142857144,15.17864917984635,-55.07631558726119,0.2755930388226092,7.094523584849789
2.6927937030769655,0.8,19.343188942513756,-77.6214531229383,0.2491990057423642,8.10438613490335
2.8723132832820966,0.2,0.90606298367834,-1.0363704755292078,0.8742655305919168,1.6366722676296517
2.8723132832820966,0.28571428571428575,2.0357141969985633,-3.208347089061443,0.6345056006998554,2.596950446887692
2.8723132832820966,0.37142857142857144,3.6320348454677456,-7.23978135742895,0.5016774217553972,3.573931796225228
2.8723132832820966,0.4571428571428572,5.723571033811992,-13.94276472476435,0.41050474183546315,4.553983913827379
2.8723132832820966,0.5428571428571429,8.211450544127727,-23.07531920083215,0.35585425591129427,5.323002797525891
2.8723132832820966,0.6285714285714287,11.335371102541636,-36.390203956582404,0.3114951242390948,6.154887877460006
2.8723132832820966,0.7142857142857144,14.82854342067135,-53.59525990870329,0.2766763972398118,7.096413826471139
2.8723132832820966,0.8,18.892250169060002,-75.53125353900037,0.25012493880172443,8.047000055656845
3.0518328634872276,0.2,0.9073331338223473,-1.0303502466899876,0.8806065090362871,1.6408221618664593
3.0518328634872276,0.28571428571428575,2.033950342154823,-3.1742761581515104,0.6407603626205169,2.625524230221376
3.0518328634872276,0.37142857142857144,3.6239023066012126,-7.1565957399943265,0.5063723644957603,3.6473115041218356
3.0518328634872276,0.4571428571428572,5.726119995975381,-13.830205056991824,0.41403001418844154,4.688430483448742
3.0518328634872276,0.5428571428571429,8.136189541206198,-22.895080866595816,0.3553684561593749,5.602175260330827
3.0518328634872276,0.6285714285714287,11.161615500640428,-35.91881972587419,0.310745608731685,6.225036091242581
3.0518328634872276,0.7142857142857144,14.69012689563388,-52.742901256533315,0.2785232997362692,7.140433458021856
3.0518328634872276,0.8,18.60147164007506,-74.03569669843672,0.25125003842190946,7.999707094673442
3.2313524436923586,0.2,0.9079064994456068,-1.020857534222585,0.8893567114014651,1.6314358286165676
3.2313524436923586,0.28571428571428575,2.0349616734144176,-3.1342410490946095,0.6492677626062802,2.6356434257344756
3.2313524436923586,0.37142857142857144,3.629159110334607,-7.065400996703521,0.5136522487581173,3.6834388272697707
3.2313524436923586,0.4571428571428572,5.750053119509967,-13.678152708747152,0.4203822871368309,4.742880754015916
3.2313524436923586,0.5428571428571429,8.15705450112446,-22.7830082495719,0.35803237271257776,5.768115754763197
3.2313524436923586,0.6285714285714287,11.077412445384503,-35.47280293795453,0.3122790286620429,6.232093954324316
3.2313524436923586,0.7142857142857144,14.5107890615683,-51.97742368035056,0.2791748423470617,7.001642446212273
3.2313524436923586,0.8,18.382306380216182,-73.12166782301364,0.25139342314660257,7.879230391496423
3.4108720238974897,0.2,0.9078016071038849,-1.0092583668779043,0.8994739473026403,1.6097344147085764
3.4108720238974897,0.28571428571428575,2.0386729212677372,-3.092568508533742,0.6592167370398268,2.6212989689059523
3.4108720238974897,0.37142857142857144,3.647952069289832,-6.983372602223614,0.5223768338135456,3.6793857370020984
3.4108720238974897,0.4571428571428572,5.820201298550668,-13.600761284160665,0.4279320235793585,4.763703595620147
3.4108720238974897,0.5428571428571429,8.283456435382481,-22.828733585237245,0.36285221010854407,5.818842233448518
3.4108720238974897,0.6285714285714287,11.403504314555082,-36.377141417369515,0.313479945653731,6.872135725929726
3.4108720238974897,0.7142857142857144,14.69851375744084,-53.29105548078668,0.2758157748018366,7.809894248185773
3.4108720238974897,0.8,18.46197566538538,-75.02136412135759,0.24608957570433593,8.6332246656505
3.5903916041026207,0.2,0.9069365497541072,-0.9968609299826167,0.9097924519621031,1.5740431817629885
3.5903916041026207,0.28571428571428575,2.0424405669739687,-3.0504197501210766,0.6695604979914324,2.5793633212559275
3.5903916041026207,0.37142857142857144,3.672902076774938,-6.914645757083059,0.5311771861938956,3.6369229603234428
3.5903916041026207,0.4571428571428572,5.90499298924374,-13.546564838103668,0.4359033496546832,4.719939842578055
3.5903916041026207,0.5428571428571429,8.41184570394581,-22.881082054422087,0.3676332126224819,5.784153679154066
3.5903916041026207,0.6285714285714287,11.719355188336577,-36.686073607895544,0.3194496994580076,6.981986215226943
3.5903916041026207,0.7142857142857144,14.849585044572827,-53.460623723380095,0.277766775064366,7.626662088974681
3.5903916041026207,0.8,19.6832839814807,-77.54140118108552,0.2538422530631545,9.262254380057303
3.7699111843077517,0.2,0.9055845950593705,-0.9855304872961098,0.9188803458976922,1.5265333762547173
3.7699111843077517,0.28571428571428575,2.048908531172783,-3.0187016014006747,0.6787383457252255,2.5167711738909837
3.7699111843077517,0.37142857142857144,3.713010514449929,-6.886446386544711,0.5391765659723577,3.579746143016377
3.7699111843077517,0.4571428571428572,6.033877397417689,-13.554593766216419,0.4451536874868633,4.715270706684255
3.7699111843077517,0.5428571428571429,8.588716944516197,-23.02828546488843,0.3729638039102625,5.729508095074497
3.7699111843077517,0.6285714285714287,12.271460289842494,-37.223248369637375,0.3296719342703094,7.044586288111258
3.7699111843077517,0.7142857142857144,15.949163612134013,-55.084620247445024,0.28953932223711354,8.087606989723131
3.7699111843077517,0.8,19.900341082202832,-78.12654697108543,0.25471932209634107,8.93600098461187
3.9494307645128828,0.2,0.9041085229701862,-0.9766024884667193,0.9257692189476706,1.4703147581348492
3.9494307645128828,0.28571428571428575,2.056391605339078,-3.0032016784362106,0.6847331033758134,2.433349791470627
3.9494307645128828,0.37142857142857144,3.740979503264417,-6.879083879952568,0.5438194341788156,3.452593362293669
3.9494307645128828,0.4571428571428572,6.146974998604042,-13.587554146225061,0.45239746112156726,4.592748950652393
3.9494307645128828,0.5428571428571429,8.94419325423547,-23.400229149368247,0.3822267379153825,5.73216268316913
3.9494307645128828,0.6285714285714287,12.521104168882996,-37.57203198987604,0.33325597540896557,6.783823061728269
3.9494307645128828,0.7142857142857144,16.61992911180017,-56.08502155106207,0.29633454088394556,7.87151281514447
3.9494307645128828,0.8,21.24299462335722,-80.45788391272792,0.26402626554781555,9.078754858732948
4.128950344718014,0.2,0.9015406389467802,-0.971244253091176,0.9282326624610129,1.4020040984667197
4.128950344718014,0.28571428571428575,2.0643235974322858,-3.001226954825093,0.6878265551072232,2.335607781713362
4.128950344718014,0.37142857142857144,3.7745933732435084,-6.914197734347043,0.5459192112040414,3.314318047447462
4.128950344718014,0.4571428571428572,6.263141408636562,-13.67861876961078,0.45787820496548404,4.434480733101677
4.128950344718014,0.5428571428571429,9.12157388508439,-23.755154430313535,0.3839829335499713,5.468082408101117
4.128950344718014,0.6285714285714287,12.798794957955346,-38.10618510148265,0.33587185187575663,6.515848251220651
4.128950344718014,0.7142857142857144,17.21888692205548,-57.149666125386986,0.3012946197144364,7.607920240269538
4.128950344718014,0.8,21.077645541778963,-81.4466440350991,0.2587908414335112,8.43278249261562
4.308469924923145,0.2,0.9005614914495222,-0.971819026605404,0.9266761267220845,1.3281183738833466
4.308469924923145,0.28571428571428575,2.073983626311965,-3.0150808809499985,0.687869980343111,2.2229355903610983
4.308469924923145,0.37142857142857144,3.8458617521996916,-6.983638031341682,0.5506960319163094,3.2087121969810894
4.308469924923145,0.4571428571428572,6.312025988518997,-13.793792567204738,0.4575990220069045,4.207984096046769
4.308469924923145,0.5428571428571429,9.13144107827246,-24.128328572699708,0.37845311376455393,5.187985665264918
4.308469924923145,0.6285714285714287,12.507616632891317,-38.4823657169295,0.3250220302175668,6.047696222706172
4.308469924923145,0.7142857142857144,17.236783787468063,-57.98422306510951,0.29726678872825746,7.350529126650206
4.308469924923145,0.8,21.807544412576046,-82.56751556793473,0.26411772550711277,8.542399182801429
4.487989505128276,0.2,0.8996946357260729,-0.9765167520201197,0.9213304675673767,1.2499678126995983
4.487989505128276,0.28571428571428575,2.0798224863530574,-3.0435342065544098,0.6833576839301004,2.0946389342541796
4.487989505128276,0.37142857142857144,3.8738085576028682,-7.078080458417215,0.5472964853057238,3.0192721787016197
4.487989505128276,0.4571428571428572,6.394242914837904,-13.94873505153981,0.45841023513684415,3.971456869630529
4.487989505128276,0.5428571428571429,9.414997332864921,-24.671360569849117,0.38161646197863097,4.898520889073386
4.487989505128276,0.6285714285714287,13.237396772173287,-39.43836270430916,0.33564772633745593,5.806487668212564
4.487989505128276,0.7142857142857144,17.458154638900957,-59.29482241977206,0.2944296639478505,6.735852070968438
4.487989505128276,0.8,22.09947916552366,-85.65886017826507,0.257994083969041,7.639324715319019
4.667509085333407,0.2,0.8991903558056896,-0.9847473578812644,0.9131178150509028,1.2592353541781527
4.667509085333407,0.28571428571428575,2.081955431861005,-3.0832941818220077,0.6752373627321923,1.956590474157578
4.667509085333407,0.37142857142857144,3.8812924356350713,-7.18504218107471,0.5401906262789014,2.8110063964405123
4.667509085333407,0.4571428571428572,6.362063601664521,-14.084862564043533,0.4516951140088425,3.660411257864379
4.667509085333407,0.5428571428571429,9.333254458116068,-25.08951263593568,0.3719982366157268,4.474325633406661
4.667509085333407,0.6285714285714287,13.052665409466933,-39.95662687259936,0.3266708536505098,5.288531414433385
4.667509085333407,0.7142857142857144,17.256153446933958,-60.390617685589426,0.28574229090972963,6.127434835789631
4.667509085333407,0.8,22.153961677343425,-88.15183167617842,0.2513159540317319,6.91798917577563
4.847028665538538,0.2,0.8990887656763665,-0.9955224331099649,0.903132602313798,1.32904380060996
4.847028665538538,0.28571428571428575,2.08022464792882,-3.1282103370086505,0.6649887391900998,2.036207967814377
4.847028665538538,0.37142857142857144,3.869277536943503,-7.287034306135261,0.5309811062211955,2.7338983038073237
4.847028665538538,0.4571428571428572,6.282801496801304,-14.172819197015775,0.44329934711396085,3.4143395868346413
4.847028665538538,0.5428571428571429,9.21417123401087,-25.388148026864485,0.3629319958376203,4.185659346613489
4.847028665538538,0.6285714285714287,12.836275746184672,-40.264741745371445,0.31879692231380674,4.907631291371916
4.847028665538538,0.7142857142857144,16.906041228289805,-60.96828033108734,0.27729240740401073,5.749923946077775
4.847028665538538,0.8,21.80229623402745,-89.25462971743796,0.24427075999361708,6.687134898036348
5.026548245743669,0.2,0.8994207722606765,-1.007202617375968,0.8929889147864885,1.395064994269679
5.026548245743669,0.28571428571428575,2.0750693964664957,-3.1718046591688758,0.6542235791438168,2.1490443460989277
5.026548245743669,0.37142857142857144,3.841902342169682,-7.36763698154703,0.5214565201559338,2.8904526413257514
5.026548245743669,0.4571428571428572,6.182073331616153,-14.199800251906247,0.43536340102997173,3.6252359747256406
5.026548245743669,0.5428571428571429,9.093346694461543,-25.517250340705164,0.356360758821879,4.440724670908986
5.026548245743669,0.6285714285714287,12.640530035658537,-40.279897839274355,0.31381733106913606,5.222620788613379
5.026548245743669,0.7142857142857144,16.663991883368084,-60.997342968023304,0.27319209448358867,6.179402027535515
5.026548245743669,0.8,21.228368057243244,-88.65114489040705,0.23945960408617767,7.318403869850264
5.2060678259488,0.2,0.9001301986601994,-1.0180846352556934,0.8841408341597558,1.455052217075739
5.2060678259488,0.28571428571428575,2.0675645796009343,-3.2083145401970383,0.6444394879917089,2.2520965790339185
5.2060678259488,0.37142857142857144,3.805380188290399,-7.4185032309844186,0.5129579471498638,3.03476540796211
5.2060678259488,0.4571428571428572,6.074601584359158,-14.145483349094722,0.4294375409057986,3.815352004391836
5.2060678259488,0.5428571428571429,8.96198119941717,-25.414346682074513,0.35263472681508357,4.647864863647495
5.2060678259488,0.6285714285714287,12.415696791482198,-39.93522257370754,0.31089589568624104,5.543578154325547
5.2060678259488,0.7142857142857144,16.48372179890598,-60.46871598136298,0.2725991701888695,6.638349451232255
5.2060678259488,0.8,21.09483293599427,-87.75682452123488,0.24037826176002833,7.771285697662467
5.385587406153931,0.2,0.9011171007530547,-1.0266313557596325,0.8777416505911156,1.5153627162531835
5.385587406153931,0.28571428571428575,2.0589291576539357,-3.234094768261013,0.6366322897708502,2.3421367774680455
5.385587406153931,0.37142857142857144,3.7653162457493536,-7.4375132903027135,0.5062601031797419,3.1622882931217693
5.385587406153931,0.4571428571428572,5.961114963389252,-14.02050929393812,0.4251710717788681,3.976016471391906
5.385587406153931,0.5428571428571429,8.816906632259935,-25.108882189800923,0.35114691946905185,4.8301983204838255
5.385587406153931,0.6285714285714287,12.189553176763306,-39.12640374273628,0.3115428971420934,5.772321090159539
5.385587406153931,0.7142857142857144,16.15369019866106,-58.97272028813437,0.27391801022126616,6.85379821789361
5.385587406153931,0.8,20.596693059494918,-85.35526237841401,0.24130548586660705,7.967331742784947
5.565106986359062,0.2,0.9022433070000763,-1.0316438688876868,0.8745685737199896,1.5653999851170484
5.565106986359062,0.28571428571428575,2.0507225951459076,-3.2468640844373313,0.6316009977058493,2.4321013683205277
5.565106986359062,0.37142857142857144,3.726513486756058,-7.429430379006429,0.5015880486996933,3.2794846204226458
5.565106986359062,0.4571428571428572,5.848220275192594,-13.848853010489012,0.4222891434231555,4.114734827670135
5.565106986359062,0.5428571428571429,8.652149589572895,-24.654896110100047,0.350930279768183,4.973267184331573
5.565106986359062,0.6285714285714287,11.904584963060895,-38.143735090525524,0.3120980400794011,5.942329105902056
5.565106986359062,0.7142857142857144,15.717613928017704,-57.20596578498515,0.2747548041946196,6.999350836618818
5.565106986359062,0.8,20.050490366588686,-82.38873651239459,0.24336445994134506,8.08453509864425
5.744626566564193,0.2,0.9033471355594548,-1.0323750100256561,0.87501840589594,1.6035900898371194
5.744626566564193,0.28571428571428575,2.0440805622725193,-3.2458070873245077,0.6297603361133327,2.512429785703932
5.744626566564193,0.37142857142857144,3.694641909259956,-7.401111580861855,0.49920094689745476,3.4092474660639858
5.744626566564193,0.4571428571428572,5.733612235400776,-13.684346827574181,0.4189905669335605,4.267726397365742
5.744626566564193,0.5428571428571429,8.490663144762134,-24.22851677621634,0.3504408966997477,5.106399586976146
5.744626566564193,0.6285714285714287,11.619487137111006,-37.17413638569524,0.31256912108339474,6.019203933986794
5.744626566564193,0.7142857142857144,15.296245119609416,-55.47023754335738,0.2757558971629311,7.089839554144676
5.744626566564193,0.8,19.53762295160154,-79.47883711477066,0.24582170123335378,8.05098686866154
5.924146146769324,0.2,0.9042564360130715,-1.028594567032033,0.8791184252725212,1.6286790570786465
5.924146146769324,0.28571428571428575,2.0396443794929007,-3.231169546981841,0.6312402830727605,2.57292128198305
5.924146146769324,0.37142857142857144,3.6755412758799837,-7.358170829270298,0.49951833970189075,3.5307999131156165
5.924146146769324,0.4571428571428572,5.647295786069823,-13.56913543284289,0.41618685390972254,4.488535688450173
5.924146146769324,0.5428571428571429,8.348191266598734,-24.26137622629106,0.3440938876976048,5.5240425685878725
5.924146146769324,0.6285714285714287,11.244098675756119,-37.02609631925715,0.30368037123881464,6.488199087808751
5.924146146769324,0.7142857142857144,14.796549031409077,-53.916198916914404,0.2744360568557654,7.036348384109534
5.924146146769324,0.8,18.799391596158255,-79.74879371012504,0.23573261389371275,8.710107292736081
6.103665726974455,0.2,0.9047978683637421,-1.0205895557206826,0.8865443147954077,1.6400830838699654
6.103665726974455,0.28571428571428575,2.0374978818864764,-3.2043658855712347,0.6358505722024489,2.611701481187888
6.103665726974455,0.37142857142857144,3.6707746387778277,-7.298584502489342,0.5029433635420444,3.6259743138998384
6.103665726974455,0.4571428571428572,5.624517225403229,-13.485585345215386,0.4170762396605038,4.674644604884783
6.103665726974455,0.5428571428571429,8.37490975171216,-24.21976402873458,0.34578824722553364,5.770923192211543
6.103665726974455,0.6285714285714287,11.22641114927387,-36.84842338577231,0.3046646265361938,6.801739888518046
6.103665726974455,0.7142857142857144,14.812224966407538,-55.56071075565577,0.26659531105619877,7.9307661111959336
6.103665726974455,0.8,18.57621735071592,-77.33795757286993,0.2401953443522594,8.704635721413185
6.283185307179586,0.2,0.9048400893279961,-1.0091578975081077,0.8966288541786163,1.6375778880097902
6.283185307179586,0.28571428571428575,2.03765767581053,-3.1686375827348843,0.6430706013566267,2.629288019327623
6.283185307179586,0.37142857142857144,3.6778831969516252,-7.224185351663591,0.5091069813296913,3.6785635462794266
6.283185307179586,0.4571428571428572,5.623683758445944,-13.294483590367717,0.4230088156655054,4.735036116359082
6.283185307179586,0.5428571428571429,8.444363522768292,-24.012991365303815,0.35165812515010053,5.893057876915988
6.283185307179586,0.6285714285714287,11.274694067281986,-36.56702338540238,0.308329555524688,6.9029563841253445
6.283185307179586,0.7142857142857144,14.958626870475769,-55.14307733821844,0.27126935224756266,8.063915070279053
6.283185307179586,0.8,19.446616654831285,-79.46192023447651,0.24472875306119135,9.563545159387138
