phi,L0,thrust,power,efficiency,LE sigma magnitude
0.0,0.0,2.1235245249226447,8.116898620880361,0.26161772175643194,2.6175794584184433
0.0,0.5,3.15857566665662,8.018527442074728,0.39390969095933714,2.1999798712099348
0.0,1.0,4.260299296487343,11.01756777611145,0.3866823770056241,2.3328767291759633
0.0,1.5,5.646834826453597,19.258729811786253,0.2932090995428868,2.59680802611016
0.17951958020513104,0.0,2.1235245249226447,8.116898620880361,0.26161772175643194,2.6175794584184433
0.17951958020513104,0.5,3.1783459074648253,7.270492030902001,0.43715692059846867,2.2182956741733153
0.17951958020513104,1.0,4.386183222563853,9.583987634705158,0.45765743756604804,2.2929609267220097
0.17951958020513104,1.5,5.889306739474367,16.26771708062077,0.36202416788340364,2.6831343254089854
0.35903916041026207,0.0,2.1235245249226447,8.116898620880361,0.26161772175643194,2.6175794584184433
0.35903916041026207,0.5,3.1757435552256945,6.575797040632379,0.48294427817685365,2.2403527820034164
0.35903916041026207,1.0,4.5383685345274305,8.415428118032825,0.5392914621660759,2.407076120156892
0.35903916041026207,1.5,6.196422311344991,13.516941668820039,0.4584189577172236,2.7879852673016945
0.5385587406153931,0.0,2.1235245249226447,8.116898620880361,0.26161772175643194,2.6175794584184433
0.5385587406153931,0.5,3.1548143232118537,5.9408098443412785,0.531041121643856,2.2607638453618017
0.5385587406153931,1.0,4.550374303130452,7.322721665221428,0.6214047878867257,2.5289900767849107
0.5385587406153931,1.5,6.3789948168455615,11.028741369360871,0.578397353170975,2.8795482881788437
0.7180783208205241,0.0,2.1235245249226447,8.116898620880361,0.26161772175643194,2.6175794584184433
0.7180783208205241,0.5,3.0982840215389706,5.361300294220251,0.5778978702012039,2.287448090744965
0.7180783208205241,1.0,4.502867702072962,6.4866298385731564,0.6941767626844333,2.5737935454752803
0.7180783208205241,1.5,6.388449055370734,8.810604988232848,0.725086309498943,3.016196422368597
0.8975979010256552,0.0,2.1235245249226447,8.116898620880361,0.26161772175643194,2.6175794584184433
0.8975979010256552,0.5,3.011819439688664,4.85412732212643,0.6204656861718426,2.309741539011962
0.8975979010256552,1.0,4.348270082884587,5.7923672819094865,0.7506896353870632,2.6761333916782712
0.8975979010256552,1.5,6.296607317921698,7.6687829864271135,0.8210699571321796,3.164872117067135
1.0771174812307862,0.0,2.1235245249226447,8.116898620880361,0.26161772175643194,2.6175794584184433
1.0771174812307862,0.5,2.892105462261671,4.436638690611143,0.6518686023231894,2.334397946109721
1.0771174812307862,1.0,4.164755940331887,5.094063939614158,0.817570409343417,2.7567288260278073
1.0771174812307862,1.5,5.953267923385703,7.102909268652481,0.8381450048446303,3.434204946338005
1.2566370614359172,0.0,2.1235245249226447,8.116898620880361,0.26161772175643194,2.6175794584184433
1.2566370614359172,0.5,2.7931395524074083,4.158196191023884,0.6717190397213186,2.3718226500426964
1.2566370614359172,1.0,3.997474177663236,4.4303633186433995,0.9022903744353147,2.8469656056539825
1.2566370614359172,1.5,5.467578533297667,6.818785704417934,0.8018404992189722,3.7534766912019797
1.4361566416410483,0.0,2.1235245249226447,8.116898620880361,0.26161772175643194,2.6175794584184433
1.4361566416410483,0.5,2.6138937399745092,3.965568201579945,0.6591473420966742,2.3744173903805432
1.4361566416410483,1.0,3.526896318626083,3.882485976899245,0.9084118628144655,2.9039180628756878
1.4361566416410483,1.5,5.063923151863138,6.833758903945067,0.7410157752184938,4.222239260609802
1.6156762218461793,0.0,2.1235245249226447,8.116898620880361,0.26161772175643194,2.6175794584184433
1.6156762218461793,0.5,2.4454620157614175,3.9204283370939303,0.6237741913614849,2.4058308208748507
1.6156762218461793,1.0,3.382130939862063,3.280853897617389,1.030869110727004,2.979596907152992
1.6156762218461793,1.5,4.175036829328453,6.657411376013545,0.6271261596318032,4.069609690743675
1.7951958020513104,0.0,2.1235245249226447,8.116898620880361,0.26161772175643194,2.6175794584184433
1.7951958020513104,0.5,2.216840593947636,4.078562773871348,0.5435347490908969,2.4387021554826624
1.7951958020513104,1.0,2.805098819944612,3.373095389257487,0.8316096926515004,3.0621173532378068
1.7951958020513104,1.5,3.3405575879197356,6.779693950224676,0.49272985070499103,4.194475233568496
1.9747153822564414,0.0,2.1235245249226447,8.116898620880361,0.26161772175643194,2.6175794584184433
1.9747153822564414,0.5,2.03225664208673,4.398725202290398,0.4620103663280766,2.4757617862538965
1.9747153822564414,1.0,2.232564688055883,3.519467000101678,0.6343473849851082,3.0269835504829277
1.9747153822564414,1.5,2.432770738775693,7.493085351712249,0.3246687612092633,4.486483171923765
2.1542349624615724,0.0,2.1235245249226447,8.116898620880361,0.26161772175643194,2.6175794584184433
2.1542349624615724,0.5,1.854561862448211,4.867466545674973,0.38101173270437716,2.5090044301651835
2.1542349624615724,1.0,1.9360863785999987,3.6365169436482434,0.5324013083403013,3.1051456656560417
2.1542349624615724,1.5,1.6670156482921918,7.8208784683714105,0.2131494121835299,4.14887903058384
2.3337545426667035,0.0,2.1235245249226447,8.116898620880361,0.26161772175643194,2.6175794584184433
2.3337545426667035,0.5,1.677440607775851,5.549135417628221,0.30228864165885017,2.553246754488043
2.3337545426667035,1.0,1.614271638161558,4.011708818334589,0.40239003159548925,3.1604617249206552
2.3337545426667035,1.5,1.1285381900036162,9.049981528905567,0.12470060700113857,4.3157670271556645
2.5132741228718345,0.0,2.1235245249226447,8.116898620880361,0.26161772175643194,2.6175794584184433
2.5132741228718345,0.5,1.4990531098830986,6.532730306918357,0.22946808446930014,2.619943903901394
2.5132741228718345,1.0,1.2728171447000676,5.23228318634695,0.24326228137294625,3.4513085567414636
2.5132741228718345,1.5,0.4014370838998391,11.372885551627826,0.03529773355033724,4.407775314096284
2.6927937030769655,0.0,2.1235245249226447,8.116898620880361,0.26161772175643194,2.6175794584184433
2.6927937030769655,0.5,1.3240449383580077,7.911743320583413,0.16735185719604115,2.724860932061913
2.6927937030769655,1.0,0.8558459790713899,7.234519252798937,0.11830032503407531,3.56464972518171
2.6927937030769655,1.5,-0.48873742671614046,14.660669796124875,0.033336636969023344,4.576875133718526
2.8723132832820966,0.0,2.1235245249226447,8.116898620880361,0.26161772175643194,2.6175794584184433
2.8723132832820966,0.5,1.0757459235257412,9.753909851063531,0.1102886883261942,2.8879521034252784
2.8723132832820966,1.0,0.5345811986017436,8.763040164953422,0.06100407946773174,3.692540980925637
2.8723132832820966,1.5,-0.8093634151060939,17.209706400247125,0.047029472571041175,4.516519508328987
3.0518328634872276,0.0,2.1235245249226447,8.116898620880361,0.26161772175643194,2.6175794584184433
3.0518328634872276,0.5,0.981459032192869,11.018571564583722,0.08907316401587924,3.0361055459863997
3.0518328634872276,1.0,0.21742825201960406,13.970222881098348,0.01556369242424783,3.7505375724404044
3.0518328634872276,1.5,-0.6470857897722126,23.303415429973594,0.02776785195786839,6.831128294273349
3.2313524436923586,0.0,2.1235245249226447,8.116898620880361,0.26161772175643194,2.6175794584184433
3.2313524436923586,0.5,0.9620635669084883,12.466546145609586,0.07717162040484675,3.2010823560494828
3.2313524436923586,1.0,0.09135282693820174,15.969485679357868,0.005720461433287376,3.9278410847945646
3.2313524436923586,1.5,-1.5662840972870988,27.91703539236375,0.056104957968263716,4.898789663080197
3.4108720238974897,0.0,2.1235245249226447,8.116898620880361,0.26161772175643194,2.6175794584184433
3.4108720238974897,0.5,1.0233761906413785,13.557837176850994,0.07548225998677119,3.2795421919692833
3.4108720238974897,1.0,0.003235910029521007,19.726599146514538,0.000164037906660295,4.054663212403467
3.4108720238974897,1.5,-1.87689303151468,33.899129974985684,0.055366997114664813,5.416718133155081
3.5903916041026207,0.0,2.1235245249226447,8.116898620880361,0.26161772175643194,2.6175794584184433
3.5903916041026207,0.5,1.3493491267281188,14.332905741396523,0.09414344523531662,3.544736624658518
3.5903916041026207,1.0,0.8279467723626804,23.882489397186752,0.03466752391650632,12.115433182662946
3.5903916041026207,1.5,-1.7505733707055802,44.89005384516158,0.038996909576981126,9.343612086381427
3.7699111843077517,0.0,2.1235245249226447,8.116898620880361,0.26161772175643194,2.6175794584184433
3.7699111843077517,0.5,1.2393557659354622,15.440071445867263,0.08026878439524268,3.3869415180595617
3.7699111843077517,1.0,0.37787217220658376,27.086222670850013,0.01395071497412029,10.942316106405391
3.7699111843077517,1.5,-0.4562289389789472,45.110538166917365,0.01011357783608822,15.906628842297335
3.9494307645128828,0.0,2.1235245249226447,8.116898620880361,0.26161772175643194,2.6175794584184433
3.9494307645128828,0.5,1.3180138746365875,16.002442275712905,0.08236329504759111,3.2693615224990036
3.9494307645128828,1.0,1.1454385624099928,27.398642488663004,0.04180639836020897,13.53738722228091
3.9494307645128828,1.5,1.6643283312946697,49.37193314192466,0.03371000941993477,6.695924820655994
4.128950344718014,0.0,2.1235245249226447,8.116898620880361,0.26161772175643194,2.6175794584184433
4.128950344718014,0.5,1.6246899746392018,15.877491236954329,0.1023266176244387,3.3502090089124184
4.128950344718014,1.0,1.1150269651627824,25.972577197914173,0.042930932755195696,4.288809167769996
4.128950344718014,1.5,0.31652713573546415,47.84500556890852,0.006615677686139834,5.922170994448625
4.308469924923145,0.0,2.1235245249226447,8.116898620880361,0.26161772175643194,2.6175794584184433
4.308469924923145,0.5,1.8058159749618112,16.125218134983914,0.11198707266130342,3.3196812845868524
4.308469924923145,1.0,1.4984965165053459,26.467078672550333,0.05661737492999082,4.196342492363017
4.308469924923145,1.5,0.8780880383045566,52.500253435011786,0.01672540570478409,5.730147619670626
4.487989505128276,0.0,2.1235245249226447,8.116898620880361,0.26161772175643194,2.6175794584184433
4.487989505128276,0.5,2.032807429495511,15.92041258181431,0.12768559979516875,3.307845252896562
4.487989505128276,1.0,1.8423323412584964,25.724195412851948,0.07161865752030702,4.098564624126255
4.487989505128276,1.5,1.4578854843415376,47.546940766995114,0.03066202495521088,5.84490178931098
4.667509085333407,0.0,2.1235245249226447,8.116898620880361,0.26161772175643194,2.6175794584184433
4.667509085333407,0.5,2.245866619250707,15.529085561283807,0.14462323685368622,3.250110917660111
4.667509085333407,1.0,2.193176923838149,25.065155706566088,0.0874990344968662,3.931593640336891
4.667509085333407,1.5,1.904896478863495,45.127825149350855,0.04221112966466314,5.65883041261497
4.847028665538538,0.0,2.1235245249226447,8.116898620880361,0.26161772175643194,2.6175794584184433
4.847028665538538,0.5,2.4138395876061107,14.777604034229528,0.16334444893873915,3.118218850613753
4.847028665538538,1.0,2.584395239170218,23.91629737933238,0.10806000603603304,3.736460654079563
4.847028665538538,1.5,2.4102323679448605,44.60738387376175,0.05403213904598807,5.036780210553591
5.026548245743669,0.0,2.1235245249226447,8.116898620880361,0.26161772175643194,2.6175794584184433
5.026548245743669,0.5,2.6036951423117127,14.179586370022369,0.18362278520453099,2.995139094635725
5.026548245743669,1.0,2.8330237844777733,22.340401709815158,0.1268116760511561,3.5984970538206413
5.026548245743669,1.5,3.078984274215474,41.91174445231069,0.07346351993816193,4.600539787005564
5.2060678259488,0.0,2.1235245249226447,8.116898620880361,0.26161772175643194,2.6175794584184433
5.2060678259488,0.5,2.738791227788441,13.280939862912874,0.20621968445445163,2.8509512734833318
5.2060678259488,1.0,3.043665229194983,20.49354098069518,0.1485182688566169,3.248709519687263
5.2060678259488,1.5,3.0825510390868245,38.717578196134525,0.07961631854842045,4.154758056549939
5.385587406153931,0.0,2.1235245249226447,8.116898620880361,0.26161772175643194,2.6175794584184433
5.385587406153931,0.5,2.8453502133973503,12.347050416829203,0.23044776827987176,2.6557215502118607
5.385587406153931,1.0,3.2286882493194637,18.770388987348756,0.17200966114743813,2.9988325136909473
5.385587406153931,1.5,3.8435945399651215,34.635431779118676,0.1109729067180962,3.874329081161417
5.565106986359062,0.0,2.1235245249226447,8.116898620880361,0.26161772175643194,2.6175794584184433
5.565106986359062,0.5,2.9229339253727087,11.365352943621609,0.25717933616950267,2.4679330250533433
5.565106986359062,1.0,3.392151214316535,16.411218962291926,0.20669709069817935,2.544804179516218
5.565106986359062,1.5,3.730069486568066,31.29803418027394,0.11917903421931204,3.1304508258431376
5.744626566564193,0.0,2.1235245249226447,8.116898620880361,0.26161772175643194,2.6175794584184433
5.744626566564193,0.5,3.0133462876035493,10.512944927023103,0.2866319864244569,2.3001006633334335
5.744626566564193,1.0,3.8118102518560777,15.65486520340332,0.24349045503294411,2.3385228777028
5.744626566564193,1.5,4.063862000003933,27.38536126274318,0.14839541319225444,2.9524190722483237
5.924146146769324,0.0,2.1235245249226447,8.116898620880361,0.26161772175643194,2.6175794584184433
5.924146146769324,0.5,3.0786417035675475,9.676726371115826,0.31814909148997134,2.1889753378273733
5.924146146769324,1.0,3.869756074732781,13.877550392125054,0.2788500827155137,2.1307257477720456
5.924146146769324,1.5,4.600719098106959,24.52478442922526,0.18759468045005342,2.580738483558527
6.103665726974455,0.0,2.1235245249226447,8.116898620880361,0.26161772175643194,2.6175794584184433
6.103665726974455,0.5,3.128020720338124,8.837123196372815,0.35396368827606883,2.1836867169464376
6.103665726974455,1.0,4.100938054612449,12.513553368796135,0.32771970788397886,2.1953488108445507
6.103665726974455,1.5,5.411714774071893,22.462353775223278,0.24092376196305812,2.5436946779162515
6.283185307179586,0.0,2.1235245249226447,8.116898620880361,0.26161772175643194,2.6175794584184433
6.283185307179586,0.5,3.158450949211508,8.017868470020595,0.39392651064571466,2.201119043608386
6.283185307179586,1.0,4.264936408471091,11.020458020234253,0.38700173809839844,2.3413354081607536
6.283185307179586,1.5,5.722157886884683,19.436641960506652,0.294400539893236,2.5833038158420507
