phase angle (phi_L),pivot loc. alpha0,<thrust>,"<power,input>",efficiency,<|LES|>,Strouhal Number (St)
0.0,-1.0,-0.029861022022332942,0.5107700059034942,-0.05846275559879868,0.8299714347814084,0.27311944901923446
0.41887902047863906,-1.0,-0.021984042218652987,0.44265860871584695,-0.04966365001333356,0.8130161896391531,0.27311944901923446
0.8377580409572781,-1.0,-0.009472027665191193,0.3751628280672165,-0.02524777764894694,0.7949586553304132,0.27311944901923446
1.2566370614359172,-1.0,0.005461964107176846,0.3199953473226594,0.017068886009987544,0.779378399964351,0.27311944901923446
1.6755160819145563,-1.0,0.020200164607243686,0.28664926879299707,0.07046996733081212,0.7698380788984762,0.27311944901923446
2.0943951023931953,-1.0,0.03220369193452907,0.28079694086679885,0.11468676202496622,0.7683425460057303,0.27311944901923446
2.5132741228718345,-1.0,0.03945298024346003,0.3034195347835384,0.13002781864920485,0.7747947267810787,0.27311944901923446
2.9321531433504733,-1.0,0.040729425666056925,0.3505973806127956,0.11617150588765819,0.7874454128678314,0.27311944901923446
3.3510321638291125,-1.0,0.03583012240172184,0.41418028986110433,0.08650851640897132,0.8037280932469667,0.27311944901923446
3.7699111843077517,-1.0,0.025582835639365784,0.4832436090833985,0.052939832329889504,0.8208050719364467,0.27311944901923446
4.1887902047863905,-1.0,0.011715092030438782,0.5459123878340307,0.021459655965895438,0.8359544644625827,0.27311944901923446
4.607669225265029,-1.0,-0.0034131439021543057,0.5913651488041521,-0.005771635188607755,0.8469184722187011,0.27311944901923446
5.026548245743669,-1.0,-0.0171942442537294,0.6116973166650728,-0.028109072551553947,0.8521230707439335,0.27311944901923446
5.445427266222308,-1.0,-0.027219622068069278,0.6033181072258487,-0.045116534282767295,0.8508302164268171,0.27311944901923446
5.864306286700947,-1.0,-0.03171169988178205,0.5676216145620326,-0.0558676749937549,0.843145929547848,0.27311944901923446
6.283185307179586,-1.0,-0.029861022022269947,0.5107700059034928,-0.05846275559867552,0.8299714347815249,0.27311944901923446
0.0,-0.5,-0.02756387705624624,0.3943160436866694,-0.06990300673169919,0.7162212213634461,0.23384954084936205
0.41887902047863906,-0.5,-0.0298080505672807,0.3660200186852643,-0.08143830677445062,0.7007703158271943,0.23384954084936205
0.8377580409572781,-0.5,-0.028290942491137366,0.3364170038542962,-0.08409486490578909,0.6873313349031768,0.23384954084936205
1.2566370614359172,-0.5,-0.023206665777243674,0.31053851747719874,-0.07473039404507244,0.6783570809735515,0.23384954084936205
1.6755160819145563,-0.5,-0.015422038569035328,0.292814843127902,-0.05266822680262474,0.6756335936211303,0.23384954084936205
2.0943951023931953,-0.5,-0.0063078026432484766,0.2862750991154301,-0.02203405976537653,0.679759539735753,0.23384954084936205
2.5132741228718345,-0.5,0.0025046026604693037,0.2921153354239212,0.008574019768029621,0.6898793985964575,0.23384954084936205
2.9321531433504733,-0.5,0.009437520338188085,0.30941388214819954,0.030501282853455842,0.7039110407496537,0.23384954084936205
3.3510321638291125,-0.5,0.013277901568104987,0.33523275055872176,0.03960800830460368,0.719228724796427,0.23384954084936205
3.7699111843077517,-0.5,0.013395419040929083,0.36510744363039394,0.03668897820250839,0.7332773849884688,0.23384954084936205
4.1887902047863905,-0.5,0.009828739609891609,0.3938083962363902,0.02495817687947857,0.7438694456923783,0.23384954084936205
4.607669225265029,-0.5,0.0032431833777567844,0.416285550960335,0.007790766146639102,0.7493801543162326,0.23384954084936205
5.026548245743669,-0.5,-0.00521460478548551,0.4285983435019297,-0.01216664708239133,0.7489210949666327,0.23384954084936205
5.445427266222308,-0.5,-0.014124341681814898,0.4286394027666831,-0.03295157092569732,0.7424736698716002,0.23384954084936205
5.864306286700947,-0.5,-0.022012620164862728,0.41648408807778026,-0.05285344817483585,0.7309660366186267,0.23384954084936205
6.283185307179586,-0.5,-0.027563877056146064,0.39431604368666884,-0.06990300673144523,0.7162212213636096,0.23384954084936205
0.0,0.0,0.020938972193146062,0.32777890184909225,0.06388139100785156,0.6533327088991602,0.19457963267948963
0.41887902047863906,0.0,0.009873080640100382,0.31377383948370663,0.0314655952718871,0.6349892000948468,0.19457963267948963
0.8377580409572781,0.0,-0.000835907194938661,0.3055413389409397,-0.0027358235642877754,0.6209896839580354,0.19457963267948963
1.2566370614359172,0.0,-0.009285290852524277,0.3045569741802118,-0.030487861515954003,0.6143758728364691,0.19457963267948963
1.6755160819145563,0.0,-0.013821106063254937,0.31079544316734864,-0.04447010523192557,0.6164537220075073,0.19457963267948963
2.0943951023931953,0.0,-0.013502093006241278,0.322946806515892,-0.041809030880064914,0.6264868842270335,0.19457963267948963
2.5132741228718345,0.0,-0.008353172963598476,0.33877975546431577,-0.024656647361203758,0.6421745610936781,0.19457963267948963
2.9321531433504733,0.0,0.0006351054489808945,0.3555593165071957,0.0017862151812524409,0.6604315576984869,0.19457963267948963
3.3510321638291125,0.0,0.011739129181693042,0.3705337921401173,0.03168166960937774,0.6780971460905826,0.19457963267948963
3.7699111843077517,0.0,0.022908965285265783,0.38131092963263624,0.060079487643684405,0.692441694834986,0.19457963267948963
4.1887902047863905,0.0,0.03220510091754636,0.386152899832364,0.08339986811319344,0.7014460412020843,0.19457963267948963
4.607669225265029,0.0,0.03814301892362586,0.3842021002194799,0.09927852789413752,0.7038878640117578,0.19457963267948963
5.026548245743669,0.0,0.039872795371533085,0.3756426259824429,0.10614555594496534,0.6993752028487121,0.19457963267948963
5.445427266222308,0.0,0.03719957827824121,0.361765973884827,0.1028277421416205,0.6883719752870466,0.19457963267948963
5.864306286700947,0.0,0.030544787873511125,0.34484483809463373,0.08857545336122706,0.6722381382859562,0.19457963267948963
6.283185307179586,0.0,0.020938972193104435,0.32777890184909303,0.06388139100772441,0.6533327088991105,0.19457963267948963
0.0,0.5,0.117557946220827,0.33551612188401586,0.35037942606366157,0.6544747307157159,0.15530972450961725
0.41887902047863906,0.5,0.09991299777852719,0.3083183861784405,0.324057864394445,0.6285802568181661,0.15530972450961725
0.8377580409572781,0.5,0.07692715601899677,0.2987908396493897,0.25746156110162366,0.6079298567312499,0.15530972450961725
1.2566370614359172,0.5,0.05211777398473028,0.30985985420728746,0.1681978910048314,0.5976145714223924,0.15530972450961725
1.6755160819145563,0.5,0.0298926034740518,0.34012684435276236,0.08788663397308537,0.6005492071605635,0.15530972450961725
2.0943951023931953,0.5,0.014645009604739594,0.3841306379092446,0.03812507558483177,0.6161345446861982,0.15530972450961725
2.5132741228718345,0.5,0.009488855690067657,0.43363631309559453,0.02188205969728336,0.6404886508695443,0.15530972450961725
2.9321531433504733,0.5,0.015469387079799736,0.4793715264756262,0.032270141686411326,0.6681882249739051,0.15530972450961725
3.3510321638291125,0.5,0.03130516826754189,0.5130720750273774,0.0610151473667154,0.6940275433868096,0.15530972450961725
3.7699111843077517,0.5,0.053772341024935104,0.5291016269536957,0.10162951366173174,0.7139454820293126,0.15530972450961725
4.1887902047863905,0.5,0.07857246889596281,0.525387297668103,0.14955151988771245,0.7254394548388862,0.15530972450961725
4.607669225265029,0.5,0.10130507925862355,0.5031130573460336,0.20135648991703156,0.7272597942514865,0.15530972450961725
5.026548245743669,0.5,0.1183732026666042,0.46651697939945996,0.25373825154013513,0.7195569023276338,0.15530972450961725
5.445427266222308,0.5,0.12733677554924563,0.4216318907643107,0.30200935540814206,0.7033579269328358,0.15530972450961725
5.864306286700947,0.5,0.12707527067962227,0.3755053036009941,0.3384113871655203,0.6806717821592775,0.15530972450961725
6.283185307179586,0.5,0.11755794622073296,0.33551612188401575,0.3503794260633814,0.654474730715595,0.15530972450961725
0.0,1.0,0.26528798969420164,0.44429548139564407,0.5970981043085678,0.728494395854181,0.11603981633974482
0.41887902047863906,1.0,0.24423987655804388,0.3724911960930818,0.6556930180358164,0.690732366829456,0.11603981633974482
0.8377580409572781,1.0,0.2090691287787961,0.3336841953334506,0.6265478907979843,0.6570444483266127,0.11603981633974482
1.2566370614359172,1.0,0.1654152185404192,0.3361025345104106,0.4921570103045312,0.6349874945061699,0.11603981633974482
1.6755160819145563,1.0,0.12013452293726092,0.38275290575938276,0.3138696561921946,0.6313580715413556,0.11603981633974482
2.0943951023931953,1.0,0.08201634090022254,0.46641816593660246,0.17584293856892905,0.6478118753635432,0.11603981633974482
2.5132741228718345,1.0,0.05899803367788713,0.5720606435972377,0.10313248138675486,0.6803434806187758,0.11603981633974482
2.9321531433504733,1.0,0.05598464855462761,0.6794352706143008,0.08239879643576638,0.7210461246366211,0.11603981633974482
3.3510321638291125,1.0,0.07350709538927243,0.7677645201742265,0.09574171957385018,0.7612838105882977,0.11603981633974482
3.7699111843077517,1.0,0.1075909887086404,0.8208865107965962,0.1310668250648108,0.7940451026900867,0.11603981633974482
4.1887902047863905,1.0,0.15108684001618294,0.83019889735391,0.1819887264337998,0.8147255122820043,0.11603981633974482
4.607669225265029,1.0,0.19554181101875004,0.7963312589835634,0.24555335334737388,0.8212948653999321,0.11603981633974482
5.026548245743669,1.0,0.2334286212573516,0.7273934138404158,0.320911100947312,0.8139530694662808,0.11603981633974482
5.445427266222308,1.0,0.25935692442487773,0.6360638906468602,0.4077529446941542,0.7942081591010329,0.11603981633974482
5.864306286700947,1.0,0.27035093162317475,0.5368683667307803,0.5035702387709234,0.7645697095829203,0.11603981633974482
6.283185307179586,1.0,0.26528798969420203,0.44429548139564373,0.5970981043085691,0.7284943958541813,0.11603981633974482
