phase angle (phi_L),reduced frequency f*,<thrust>,"<power,input>",efficiency,<|LES|>,Strouhal Number (St)
0.0,0.2,0.04947485055353735,0.34187498532247756,0.14471620527272452,0.6381671269924314,0.07735987755982988
0.5711986642890533,0.2,0.04947485055353735,0.34187498532247756,0.14471620527272452,0.6381671269924314,0.07735987755982988
1.1423973285781066,0.2,0.04947485055353735,0.34187498532247756,0.14471620527272452,0.6381671269924314,0.07735987755982988
1.7135959928671598,0.2,0.04947485055353735,0.34187498532247756,0.14471620527272452,0.6381671269924314,0.07735987755982988
2.284794657156213,0.2,0.04947485055353735,0.34187498532247756,0.14471620527272452,0.6381671269924314,0.07735987755982988
2.8559933214452666,0.2,0.04947485055353735,0.34187498532247756,0.14471620527272452,0.6381671269924314,0.07735987755982988
3.4271919857343196,0.2,0.04947485055353735,0.34187498532247756,0.14471620527272452,0.6381671269924314,0.07735987755982988
3.998390650023373,0.2,0.04947485055353735,0.34187498532247756,0.14471620527272452,0.6381671269924314,0.07735987755982988
4.569589314312426,0.2,0.04947485055353735,0.34187498532247756,0.14471620527272452,0.6381671269924314,0.07735987755982988
5.140787978601479,0.2,0.04947485055353735,0.34187498532247756,0.14471620527272452,0.6381671269924314,0.07735987755982988
5.711986642890533,0.2,0.04947485055353735,0.34187498532247756,0.14471620527272452,0.6381671269924314,0.07735987755982988
6.283185307179586,0.2,0.04947485055353735,0.34187498532247756,0.14471620527272452,0.6381671269924314,0.07735987755982988
0.0,0.4,0.28080663209988255,0.8589116613746598,0.3269330767386029,0.8137328926968986,0.15471975511965977
0.5711986642890533,0.4,0.28080663209988255,0.8589116613746598,0.3269330767386029,0.8137328926968986,0.15471975511965977
1.1423973285781066,0.4,0.28080663209988255,0.8589116613746598,0.3269330767386029,0.8137328926968986,0.15471975511965977
1.7135959928671598,0.4,0.28080663209988255,0.8589116613746598,0.3269330767386029,0.8137328926968986,0.15471975511965977
2.284794657156213,0.4,0.28080663209988255,0.8589116613746598,0.3269330767386029,0.8137328926968986,0.15471975511965977
2.8559933214452666,0.4,0.28080663209988255,0.8589116613746598,0.3269330767386029,0.8137328926968986,0.15471975511965977
3.4271919857343196,0.4,0.28080663209988255,0.8589116613746598,0.3269330767386029,0.8137328926968986,0.15471975511965977
3.998390650023373,0.4,0.28080663209988255,0.8589116613746598,0.3269330767386029,0.8137328926968986,0.15471975511965977
4.569589314312426,0.4,0.28080663209988255,0.8589116613746598,0.3269330767386029,0.8137328926968986,0.15471975511965977
5.140787978601479,0.4,0.28080663209988255,0.8589116613746598,0.3269330767386029,0.8137328926968986,0.15471975511965977
5.711986642890533,0.4,0.28080663209988255,0.8589116613746598,0.3269330767386029,0.8137328926968986,0.15471975511965977
6.283185307179586,0.4,0.28080663209988255,0.8589116613746598,0.3269330767386029,0.8137328926968986,0.15471975511965977
0.0,0.6000000000000001,0.6731504840555166,1.9717960940662804,0.3413895007101526,1.0235723250603972,0.23207963267948967
0.5711986642890533,0.6000000000000001,0.6731504840555166,1.9717960940662804,0.3413895007101526,1.0235723250603972,0.23207963267948967
1.1423973285781066,0.6000000000000001,0.6731504840555166,1.9717960940662804,0.3413895007101526,1.0235723250603972,0.23207963267948967
1.7135959928671598,0.6000000000000001,0.6731504840555166,1.9717960940662804,0.3413895007101526,1.0235723250603972,0.23207963267948967
2.284794657156213,0.6000000000000001,0.6731504840555166,1.9717960940662804,0.3413895007101526,1.0235723250603972,0.23207963267948967
2.8559933214452666,0.6000000000000001,0.6731504840555166,1.9717960940662804,0.3413895007101526,1.0235723250603972,0.23207963267948967
3.4271919857343196,0.6000000000000001,0.6731504840555166,1.9717960940662804,0.3413895007101526,1.0235723250603972,0.23207963267948967
3.998390650023373,0.6000000000000001,0.6731504840555166,1.9717960940662804,0.3413895007101526,1.0235723250603972,0.23207963267948967
4.569589314312426,0.6000000000000001,0.6731504840555166,1.9717960940662804,0.3413895007101526,1.0235723250603972,0.23207963267948967
5.140787978601479,0.6000000000000001,0.6731504840555166,1.9717960940662804,0.3413895007101526,1.0235723250603972,0.23207963267948967
5.711986642890533,0.6000000000000001,0.6731504840555166,1.9717960940662804,0.3413895007101526,1.0235723250603972,0.23207963267948967
6.283185307179586,0.6000000000000001,0.6731504840555166,1.9717960940662804,0.3413895007101526,1.0235723250603972,0.23207963267948967
0.0,0.8,1.2333185583881887,3.960753965997267,0.31138479415185155,1.2522314655694942,0.30943951023931954
0.5711986642890533,0.8,1.2333185583881887,3.960753965997267,0.31138479415185155,1.2522314655694942,0.30943951023931954
1.1423973285781066,0.8,1.2333185583881887,3.960753965997267,0.31138479415185155,1.2522314655694942,0.30943951023931954
1.7135959928671598,0.8,1.2333185583881887,3.960753965997267,0.31138479415185155,1.2522314655694942,0.30943951023931954
2.284794657156213,0.8,1.2333185583881887,3.960753965997267,0.31138479415185155,1.2522314655694942,0.30943951023931954
2.8559933214452666,0.8,1.2333185583881887,3.960753965997267,0.31138479415185155,1.2522314655694942,0.30943951023931954
3.4271919857343196,0.8,1.2333185583881887,3.960753965997267,0.31138479415185155,1.2522314655694942,0.30943951023931954
3.998390650023373,0.8,1.2333185583881887,3.960753965997267,0.31138479415185155,1.2522314655694942,0.30943951023931954
4.569589314312426,0.8,1.2333185583881887,3.960753965997267,0.31138479415185155,1.2522314655694942,0.30943951023931954
5.140787978601479,0.8,1.2333185583881887,3.960753965997267,0.31138479415185155,1.2522314655694942,0.30943951023931954
5.711986642890533,0.8,1.2333185583881887,3.960753965997267,0.31138479415185155,1.2522314655694942,0.30943951023931954
6.283185307179586,0.8,1.2333185583881887,3.960753965997267,0.31138479415185155,1.2522314655694942,0.30943951023931954
0.0,0.2,0.11152894479834989,0.27390359033839634,0.4071832160380248,0.6302905042365908,0.07735987755982988
0.5711986642890533,0.2,0.08440969676164731,0.24786769398929304,0.34054335764019933,0.5934170833328216,0.07735987755982988
1.1423973285781066,0.2,0.049290439710793776,0.254743064234023,0.1934908016396964,0.572606526921465,0.07735987755982988
1.7135959928671598,0.2,0.017152491939977626,0.2936050301120397,0.05842029318582258,0.5778526272297921,0.07735987755982988
2.284794657156213,0.2,-0.0011282312265020354,0.35229387311855354,-0.003202528663115195,0.6069443403470118,0.07735987755982988
2.8559933214452666,0.2,0.0008579087452257027,0.41134334620054613,0.0020856268933239002,0.6476370720470962,0.07735987755982988
3.4271919857343196,0.2,0.02234930459836691,0.4510623977735571,0.04954814391242325,0.6854816460443535,0.07735987755982988
3.998390650023373,0.2,0.05584688429840933,0.45879691378277665,0.1217246293963755,0.7096513791822407,0.07735987755982988
4.569589314312426,0.2,0.090238798724425,0.43305123831960574,0.20837903402512814,0.7146501048396908,0.07735987755982988
5.140787978601479,0.2,0.1148759938950993,0.3828578394260503,0.30004869187819727,0.7000680876824424,0.07735987755982988
5.711986642890533,0.2,0.12268572980411833,0.3239458603847584,0.3787229435758231,0.6694784526762478,0.07735987755982988
6.283185307179586,0.2,0.1115289447983496,0.27390359033839634,0.40718321603802377,0.6302905042365908,0.07735987755982988
0.0,0.4,0.4723468028812888,0.7309720635749405,0.6461899522824418,0.835573784104895,0.15471975511965977
0.5711986642890533,0.4,0.43722002789266085,0.529783901870139,0.8252799421599498,0.7741756228932605,0.15471975511965977
1.1423973285781066,0.4,0.3616715330627017,0.4414567704103549,0.8192682892291151,0.721217876857411,0.15471975511965977
1.7135959928671598,0.4,0.2650057800850829,0.5149088817344504,0.5146653893256247,0.7009243283962073,0.15471975511965977
2.284794657156213,0.4,0.18063148849929458,0.7396363377573375,0.24421662278923456,0.7272348018343734,0.15471975511965977
2.8559933214452666,0.4,0.1427057872569633,1.0415107401072656,0.13701806593205748,0.7902672055057346,0.15471975511965977
3.4271919857343196,0.4,0.16736202158555752,1.3068544605535748,0.1280647743396492,0.8607685884387137,0.15471975511965977
3.998390650023373,0.4,0.24245375374820827,1.439343608457027,0.1684474452963446,0.9127108691202308,0.15471975511965977
4.569589314312426,0.4,0.3355502779089099,1.4036494614520907,0.23905560976868076,0.9336294459033313,0.15471975511965977
5.140787978601479,0.4,0.415498419837279,1.231263419998268,0.3374569674439475,0.9240501788182429,0.15471975511965977
5.711986642890533,0.4,0.46395378901623996,0.984075334066664,0.47146165842706755,0.8887512201758234,0.15471975511965977
6.283185307179586,0.4,0.47234680288127745,0.7309720635749155,0.6461899522824484,0.8355737841048866,0.15471975511965977
0.0,0.6000000000000001,1.0458679659176104,1.7735523888888045,0.5897023242560571,1.0625350706612289,0.23207963267948967
0.5711986642890533,0.6000000000000001,1.010405770892658,1.219814142732169,0.8283276406596884,0.9886379493907563,0.23207963267948967
1.1423973285781066,0.6000000000000001,0.8920567734935355,0.8377764822613907,1.0647908987438122,0.90975743985377,0.23207963267948967
1.7135959928671598,0.6000000000000001,0.7156595745109097,0.8405958955037838,0.8513717213453706,0.8623064731028074,0.23207963267948967
2.284794657156213,0.6000000000000001,0.5339837380792574,1.372842825034978,0.38896203435790416,0.8777802185582432,0.23207963267948967
2.8559933214452666,0.6000000000000001,0.42001043090612583,2.292869253837637,0.1831811518267529,0.959887101518052,0.23207963267948967
3.4271919857343196,0.6000000000000001,0.4417114739535173,3.1397986838699756,0.14068146350360383,1.0618594543647983,0.23207963267948967
3.998390650023373,0.6000000000000001,0.5785859232257993,3.5923386740098335,0.16106107350395535,1.1402264521146281,0.23207963267948967
4.569589314312426,0.6000000000000001,0.7580476750873661,3.5420180755447097,0.21401575568492537,1.1748889377339444,0.23207963267948967
5.140787978601479,0.6000000000000001,0.9115880210096815,3.0668650978628706,0.297237730360203,1.1649366754871597,0.23207963267948967
5.711986642890533,0.6000000000000001,1.013999375699508,2.414332402288546,0.4199916195211305,1.123257254479358,0.23207963267948967
6.283185307179586,0.6000000000000001,1.04586796591639,1.7735523888867648,0.5897023242560472,1.0625350706609928,0.23207963267948967
0.0,0.8,1.8262245716114158,3.606566347677717,0.5063610081060422,1.2972518459515168,0.30943951023931954
0.5711986642890533,0.8,1.797867840793648,2.5354934182863706,0.7090800661627228,1.2160242757034736,0.30943951023931954
1.1423973285781066,0.8,1.6328381418429143,1.7227807203039227,0.947792207446377,1.124484155870573,0.30943951023931954
1.7135959928671598,0.8,1.39613495648466,1.2827413937208865,1.088399394701725,1.0480553541300273,0.30943951023931954
2.284794657156213,0.8,1.0891831907648477,2.094515759164732,0.5200167083962172,1.046249503070267,0.30943951023931954
2.8559933214452666,0.8,0.8485562202320427,4.300802859702089,0.19730181733808208,1.1447367772411028,0.30943951023931954
3.4271919857343196,0.8,0.8530888991896274,6.2390686246548,0.13673337328243088,1.2787014713889198,0.30943951023931954
3.998390650023373,0.8,1.0882123508294945,7.351296521293,0.14802999004019113,1.3930793548777716,0.30943951023931954
4.569589314312426,0.8,1.3777176660495831,7.205987854140045,0.1911906728038745,1.4347202159214512,0.30943951023931954
5.140787978601479,0.8,1.624964646916899,6.19661619011476,0.26223419315676627,1.4179569228032676,0.30943951023931954
5.711986642890533,0.8,1.768732947187372,4.886205246410088,0.3619849879386189,1.367846809635418,0.30943951023931954
6.283185307179586,0.8,1.8262245716113226,3.6065663476777092,0.5063610081060176,1.297251845951478,0.30943951023931954
0.0,0.2,0.19727196491533552,0.22412322304358492,0.8801942174326679,0.6405386634756991,0.07735987755982988
0.5711986642890533,0.2,0.14138864782151797,0.1714739868348963,0.8245486702169816,0.5651276364243666,0.07735987755982988
1.1423973285781066,0.2,0.0675116564161668,0.18607772772162076,0.3628142778977114,0.517960189952131,0.07735987755982988
1.7135959928671598,0.2,0.0017130474541713248,0.266104840530647,0.006437490767756384,0.5314658346881922,0.07735987755982988
2.284794657156213,0.2,-0.03362141508836123,0.387185341494789,-0.08683545445847858,0.5972949096193942,0.07735987755982988
2.8559933214452666,0.2,-0.0250704302948892,0.5070618333897284,-0.049442550482043546,0.6793952662516033,0.07735987755982988
3.4271919857343196,0.2,0.023740968787873074,0.5799757853060421,0.04093441379685433,0.747896859519105,0.07735987755982988
3.998390650023373,0.2,0.0932622002696482,0.5874368258444471,0.1587612423439452,0.7874582027734154,0.07735987755982988
4.569589314312426,0.2,0.1608650842854483,0.533845752885129,0.3013325167729913,0.7940477889724471,0.07735987755982988
5.140787978601479,0.2,0.20769025327894064,0.4364209932300872,0.4758942775455429,0.7682181688292206,0.07735987755982988
5.711986642890533,0.2,0.2208354623095723,0.3227225339329653,0.6842889451142058,0.7139524584917013,0.07735987755982988
6.283185307179586,0.2,0.19727196264138147,0.2241232244469173,0.8801942017753924,0.6405386624270988,0.07735987755982988
0.0,0.4,0.7123513725120968,0.8886882547986353,0.801576220531356,0.9186732756666107,0.15471975511965977
0.5711986642890533,0.4,0.6728536844482887,0.5624811327306253,1.1962244514439944,0.8298403899381854,0.15471975511965977
1.1423973285781066,0.4,0.5418794587138297,0.22083457267350867,2.4537800044333076,0.7003485607847821,0.15471975511965977
1.7135959928671598,0.4,0.4047420793376117,0.25203041829104345,1.6059255151900658,0.6584632019945352,0.15471975511965977
2.284794657156213,0.4,0.2998476038744061,0.33399273615583364,0.8977668416552145,0.709511541344723,0.15471975511965977
2.8559933214452666,0.4,0.19803407626390981,0.8414235186493495,0.2353560031003097,0.8252115283207501,0.15471975511965977
3.4271919857343196,0.4,0.23873427863885596,1.35771894033816,0.17583482968823846,0.9465418581370011,0.15471975511965977
3.998390650023373,0.4,0.33728876459460455,1.6629758246423545,0.20282241004143464,1.0267405420204176,0.15471975511965977
4.569589314312426,0.4,0.5197214172800164,1.778309597216488,0.2922558693342904,1.0617743126340722,0.15471975511965977
5.140787978601479,0.4,0.6479477718538107,1.4424576281620358,0.44919709196548036,1.0326344870840964,0.15471975511965977
5.711986642890533,0.4,0.7075042463635489,1.1954224351281373,0.5918445442992808,0.9871539052169261,0.15471975511965977
6.283185307179586,0.4,0.7123654876052036,0.8886796282695728,0.8015998847552226,0.9186728665198353,0.15471975511965977
0.0,0.6000000000000001,1.5051125121470772,2.2462059770336142,0.6700687860045497,1.181591724532336,0.23207963267948967
0.5711986642890533,0.6000000000000001,1.4862682178478308,1.6171479576209122,0.9190675539883024,1.095512056256917,0.23207963267948967
1.1423973285781066,0.6000000000000001,1.436233067281969,0.5767060188655001,2.4904076258946217,0.9714189784829044,0.23207963267948967
1.7135959928671598,0.6000000000000001,1.312171376625874,-0.24464319451206606,-5.363612829054831,0.8876356300437592,0.23207963267948967
2.284794657156213,0.6000000000000001,0.9085971984230706,0.5609125614723569,1.6198553229723818,0.9111267513009094,0.23207963267948967
2.8559933214452666,0.6000000000000001,0.6267059481381774,1.177870193525139,0.5320670746091019,1.0258181494007896,0.23207963267948967
3.4271919857343196,0.6000000000000001,0.6393118480943956,2.8428048818060114,0.22488769883082718,1.2015460056707643,0.23207963267948967
3.998390650023373,0.6000000000000001,0.8190311842551523,4.027086430370595,0.2033805825666822,1.3374282916231084,0.23207963267948967
4.569589314312426,0.6000000000000001,1.1534494552866823,3.82964445189123,0.3011896978365872,1.3654840764182024,0.23207963267948967
5.140787978601479,0.6000000000000001,1.3837932489507692,3.3615328930841337,0.41165542416607703,1.3223122760083772,0.23207963267948967
5.711986642890533,0.6000000000000001,1.5060911920414293,2.79515236693923,0.5388225736297307,1.2587016073726194,0.23207963267948967
6.283185307179586,0.6000000000000001,1.5051125127678755,2.246205978664713,0.6700687857943507,1.1815917245315875,0.23207963267948967
0.0,0.8,2.610731735234167,4.798562769378415,0.5440653505450237,1.4702759836038768,0.30943951023931954
0.5711986642890533,0.8,2.530998797161232,3.843763723793416,0.6584688807727718,1.3714951320408124,0.30943951023931954
1.1423973285781066,0.8,2.4757539701905316,2.188100932029223,1.131462417455552,1.2784006569122308,0.30943951023931954
1.7135959928671598,0.8,2.085562642009709,1.4473384786702508,1.440963998916017,1.1720828799612335,0.30943951023931954
2.284794657156213,0.8,2.236650886957154,-2.131928076186379,-1.0491211743681825,1.123898021457659,0.30943951023931954
2.8559933214452666,0.8,1.7271030638666587,0.8502575603488465,2.0312704578105216,1.3672681674241018,0.30943951023931954
3.4271919857343196,0.8,1.4106461555612098,3.555648023273496,0.39673391357294774,1.550544428765471,0.30943951023931954
3.998390650023373,0.8,1.5285886254593049,6.82702091760446,0.22390273062114371,1.6285953267956026,0.30943951023931954
4.569589314312426,0.8,2.02147611008962,7.887540304028853,0.2562872622098775,1.7103781508492848,0.30943951023931954
5.140787978601479,0.8,2.4715752931933137,6.001985078277544,0.4117929753171944,1.6131062316412657,0.30943951023931954
5.711986642890533,0.8,2.5936808692849223,4.915614913906008,0.5276411831910469,1.5627477333037503,0.30943951023931954
6.283185307179586,0.8,2.61073173527543,4.798562769430282,0.544065350547742,1.4702759836037613,0.30943951023931954
0.0,0.2,0.3057320890953126,0.2339742136425818,1.3066913842153043,0.6848398209388018,0.07735987755982988
0.5711986642890533,0.2,0.21748034133635705,0.16075594828981593,1.3528603056371922,0.5737100863358652,0.07735987755982988
1.1423973285781066,0.2,0.13419994108787267,0.12890064980223054,1.0411114396535062,0.4947709222735971,0.07735987755982988
1.7135959928671598,0.2,0.04150587272686078,0.21221504604183644,0.19558402432350738,0.5257356567372853,0.07735987755982988
2.284794657156213,0.2,0.0014307026930097159,0.3665435385819508,0.0039032271542548094,0.6343833893920994,0.07735987755982988
2.8559933214452666,0.2,0.017344468631813367,0.5486466132421821,0.03161318818559301,0.753215428243024,0.07735987755982988
3.4271919857343196,0.2,0.09009216160217252,0.6795826355661924,0.13256984049792928,0.8438978595051329,0.07735987755982988
3.998390650023373,0.2,0.19090857017220828,0.7032662533860953,0.27145987633135993,0.8938649617054897,0.07735987755982988
4.569589314312426,0.2,0.2794984464313109,0.6496582666101187,0.43022379733535676,0.8966238142519545,0.07735987755982988
5.140787978601479,0.2,0.33477269334439136,0.5292200158621937,0.6325775354490079,0.8598592414517194,0.07735987755982988
5.711986642890533,0.2,0.3431775638343359,0.3859464495132848,0.8891844043833426,0.7888364401954864,0.07735987755982988
6.283185307179586,0.2,0.30602243921447325,0.23420117873183033,1.3066648121565654,0.6854057392466013,0.07735987755982988
0.0,0.4,1.0201166304456446,1.2625096282206014,0.8080070105155642,1.0491230827629923,0.15471975511965977
0.5711986642890533,0.4,0.9356783169773568,0.7994932731632352,1.1703391990720555,0.9061976650978009,0.15471975511965977
1.1423973285781066,0.4,0.9022134670669169,0.26298496997983856,3.430665513455328,0.8206046695873941,0.15471975511965977
1.7135959928671598,0.4,0.6844486725802861,-0.03640488439211677,-18.80101211716796,0.698546837405921,0.15471975511965977
2.284794657156213,0.4,0.5676592978348608,-0.20614460481817135,-2.7536946617427187,0.7839314718165737,0.15471975511965977
2.8559933214452666,0.4,0.42374071335533314,0.46578324208191996,0.9097379962862799,0.9638750609444031,0.15471975511965977
3.4271919857343196,0.4,0.5026697857352821,1.3195742879920844,0.38093329819283156,1.0956401581828836,0.15471975511965977
3.998390650023373,0.4,0.65307402966793,2.0691455847975595,0.3156249779939121,1.2166822884492199,0.15471975511965977
4.569589314312426,0.4,0.8425821813488207,2.110873709321764,0.3991627626171663,1.239546822720899,0.15471975511965977
5.140787978601479,0.4,1.0286411604913372,1.9779171843172882,0.5200628057874881,1.1989089152511632,0.15471975511965977
5.711986642890533,0.4,1.0345572517202861,1.6028787363106893,0.6454370054852083,1.1505596593144296,0.15471975511965977
6.283185307179586,0.4,1.026368038967206,1.2449460771579204,0.8244277063873282,1.0518302180443964,0.15471975511965977
0.0,0.6000000000000001,2.1537178596896758,2.691391595798498,0.8002246358544856,1.3734761273380651,0.23207963267948967
0.5711986642890533,0.6000000000000001,2.1175863741090537,2.1577840132785515,0.9813708698729205,1.2522312026650961,0.23207963267948967
1.1423973285781066,0.6000000000000001,2.00512041863194,1.0606214437505441,1.8905146887672581,1.1071406479341026,0.23207963267948967
1.7135959928671598,0.6000000000000001,1.7618438546336854,-0.20159199705206296,-8.739651773868152,0.9688342397998925,0.23207963267948967
2.284794657156213,0.6000000000000001,1.569547632083178,1.3470584450900889,1.1651666917675643,1.2210269345348106,0.23207963267948967
2.8559933214452666,0.6000000000000001,1.2662735285521804,2.106650090725341,0.6010839361159354,1.3437335252669294,0.23207963267948967
3.4271919857343196,0.6000000000000001,1.222696810006033,1.7569366384984915,0.6959253869570224,1.4330758868155808,0.23207963267948967
3.998390650023373,0.6000000000000001,1.4956971889063055,3.651726070422731,0.4095863600013023,1.577139865601459,0.23207963267948967
4.569589314312426,0.6000000000000001,1.8320386740331558,4.621650653226007,0.3964035387993584,1.5794210563217204,0.23207963267948967
5.140787978601479,0.6000000000000001,2.107616911236885,4.597214328467306,0.45845522106417796,1.5960035831488673,0.23207963267948967
5.711986642890533,0.6000000000000001,2.33352536583419,3.6084190392513182,0.646689129075861,1.4803992437119302,0.23207963267948967
6.283185307179586,0.6000000000000001,2.1423000098332707,2.8064342249943928,0.7633530088657435,1.3781168441643923,0.23207963267948967
0.0,0.8,3.7693507567576896,5.79735858323148,0.6501841662270669,1.6959100052297142,0.30943951023931954
0.5711986642890533,0.8,3.6176379136392796,3.814932976463521,0.9482834786242731,1.509038639422021,0.30943951023931954
1.1423973285781066,0.8,3.2032972518195244,3.211374511527638,0.9974847967189379,1.3875420419154372,0.30943951023931954
1.7135959928671598,0.8,2.697217121399908,2.853166639549715,0.9453416018580609,1.2585102539134183,0.30943951023931954
2.284794657156213,0.8,2.823109243439413,-1.5744129894081642,-1.7931186178161835,1.2945524150714212,0.30943951023931954
2.8559933214452666,0.8,2.6105985104925287,-0.4165043228660739,-6.267878548122443,1.5723497506526782,0.30943951023931954
3.4271919857343196,0.8,3.9941285910056594,-1.7599977075475548,-2.2693942008431502,2.188843985023053,0.30943951023931954
3.998390650023373,0.8,3.2029796434832236,8.196797944217922,0.3907598632149555,2.2151336558534975,0.30943951023931954
4.569589314312426,0.8,3.0608786833694217,7.219536806403474,0.4239716155549661,1.9873583578873675,0.30943951023931954
5.140787978601479,0.8,3.660582448362746,7.719840945209274,0.474178480404367,1.9693935509829728,0.30943951023931954
5.711986642890533,0.8,3.7360010386238667,5.306976862919695,0.7039791457783862,1.7665604178909713,0.30943951023931954
6.283185307179586,0.8,3.76935063811547,5.79735834787098,0.6501841721582943,1.6959100154250375,0.30943951023931954
0.0,0.2,0.20291980169688248,0.5138844596730108,0.3948743688921867,0.7689557965627637,0.07735987755982988
0.5711986642890533,0.2,0.30342307473780494,0.4156731861393544,0.7299558519901315,0.8081669992814592,0.07735987755982988
1.1423973285781066,0.2,0.26662103811939314,0.329129787102074,0.8100787244659359,0.7616505260887456,0.07735987755982988
1.7135959928671598,0.2,0.13694070230043676,0.3538756903292449,0.3869740308327694,0.6758788216124223,0.07735987755982988
2.284794657156213,0.2,0.06498604580558676,0.4601346023091966,0.14123268599981986,0.6462870624582889,0.07735987755982988
2.8559933214452666,0.2,0.13138309485539743,0.525429744786538,0.25004883366238306,0.718322537123711,0.07735987755982988
3.4271919857343196,0.2,0.25909329565229144,0.47175345447776373,0.5492133511541756,0.7928878054746799,0.07735987755982988
3.998390650023373,0.2,0.2982431471623456,0.36291936718567697,0.8217890091540867,0.7893486445706456,0.07735987755982988
4.569589314312426,0.2,0.20118663124969235,0.32663868152216674,0.6159302086089249,0.7154041146787986,0.07735987755982988
5.140787978601479,0.2,0.08441354297573331,0.4043720553547617,0.20875216736150584,0.6473578963063978,0.07735987755982988
5.711986642890533,0.2,0.08378746525746072,0.506187754751215,0.1655264562822963,0.6769102473995748,0.07735987755982988
6.283185307179586,0.2,0.20291980169688395,0.5138844596730122,0.3948743688921884,0.7689557965627657,0.07735987755982988
0.0,0.4,0.8295003066972051,1.8621807075294758,0.4454456559147202,1.1314062457044316,0.15471975511965977
0.5711986642890533,0.4,1.1932272023447075,1.5085444527795804,0.7909791455903851,1.2699780122211441,0.15471975511965977
1.1423973285781066,0.4,1.1255342681327665,1.03492934346411,1.0875469666029414,1.1923724923943733,0.15471975511965977
1.7135959928671598,0.4,0.6799015716889047,0.8863068809738515,0.767117559712327,0.9548001509900792,0.15471975511965977
2.284794657156213,0.4,0.40029168771931595,1.2427591685248986,0.32209916278022305,0.8055256073436913,0.15471975511965977
2.8559933214452666,0.4,0.5780990524619797,1.7830620787115057,0.32421700812555637,0.9738962556244238,0.15471975511965977
3.4271919857343196,0.4,1.0026728707744454,1.7627894502383186,0.5687989967485284,1.2002070324305425,0.15471975511965977
3.998390650023373,0.4,1.1804307263866147,1.2682651595208587,0.9307444247956577,1.2343371724720889,0.15471975511965977
4.569589314312426,0.4,0.8959261389340777,0.8991397172332634,0.996425941110605,1.0636305576934955,0.15471975511965977
5.140787978601479,0.4,0.49941879843805315,1.024711694757159,0.48737493774422835,0.8470530499498501,0.15471975511965977
5.711986642890533,0.4,0.4407785907196707,1.5470306208866085,0.2849191119869747,0.8640704232335511,0.15471975511965977
6.283185307179586,0.4,0.8271144627282473,1.8641832840316872,0.44368730790217087,1.1312788305460704,0.15471975511965977
0.0,0.6000000000000001,1.7374567723787582,5.034463388882868,0.3451126044963244,1.5193650436230919,0.23207963267948967
0.5711986642890533,0.6000000000000001,2.5345729842090816,4.411421297964926,0.5745479320640559,1.7761897911396647,0.23207963267948967
1.1423973285781066,0.6000000000000001,2.4788765485144713,3.254525647985263,0.7616706139799627,1.695181787198438,0.23207963267948967
1.7135959928671598,0.6000000000000001,1.6618944905285737,2.474426176683978,0.6716282369578339,1.3386850548488156,0.23207963267948967
2.284794657156213,0.6000000000000001,1.0198505917290153,2.2993831914641025,0.4435322461758271,1.0096308105077088,0.23207963267948967
2.8559933214452666,0.6000000000000001,1.2140285379689482,4.582679941738896,0.26491671978040987,1.240114892653251,0.23207963267948967
3.4271919857343196,0.6000000000000001,2.048136232703073,4.864608237356607,0.4210279909027198,1.6017892663922366,0.23207963267948967
3.998390650023373,0.6000000000000001,2.5155158338741397,3.8885282309806515,0.6469069232499179,1.721689585273571,0.23207963267948967
4.569589314312426,0.6000000000000001,2.0575627175488824,2.6622418260890335,0.7728684514627828,1.485433936191068,0.23207963267948967
5.140787978601479,0.6000000000000001,1.2964902005232797,2.3770072698809006,0.5454296320213778,1.1409619155761122,0.23207963267948967
5.711986642890533,0.6000000000000001,1.0252924112804582,3.478534299705247,0.2947483977281282,1.0824923971904836,0.23207963267948967
6.283185307179586,0.6000000000000001,1.7356644795158385,5.052583523539172,0.3435201954464795,1.520255915114918,0.23207963267948967
0.0,0.8,2.782237243477596,10.696293815626628,0.2601122679907052,1.8787091548456514,0.30943951023931954
0.5711986642890533,0.8,4.083684613572577,9.956798715982373,0.4101403202032759,2.226197247422285,0.30943951023931954
1.1423973285781066,0.8,4.0738216686260476,7.789576659496083,0.5229837058808261,2.149127626584864,0.30943951023931954
1.7135959928671598,0.8,3.0238058316096836,4.215813479040848,0.7172532292148842,1.6899436958553269,0.30943951023931954
2.284794657156213,0.8,1.8990623521175682,3.9621579698862366,0.47930000937648004,1.2579844028238876,0.30943951023931954
2.8559933214452666,0.8,1.9786149965891562,9.098320757881934,0.21747034966590612,1.5024218452012479,0.30943951023931954
3.4271919857343196,0.8,3.4285942554167153,11.22211899886129,0.30552111020785067,2.0681711102259013,0.30943951023931954
3.998390650023373,0.8,4.2077349777629705,8.46162835206649,0.49727248736176904,2.169456715166829,0.30943951023931954
4.569589314312426,0.8,3.653451098492923,5.96225988389993,0.6127628063242341,1.9221452969641417,0.30943951023931954
5.140787978601479,0.8,2.3548124291169152,3.828263865970674,0.61511236204191,1.4314602979743465,0.30943951023931954
5.711986642890533,0.8,1.9361918707022068,6.432791828798851,0.3009878016002483,1.2828136683656997,0.30943951023931954
6.283185307179586,0.8,2.780942939744529,10.719911590488147,0.2594184584705045,1.8768253428408768,0.30943951023931954
0.0,0.2,0.11362270520967459,0.41772171010964765,0.2720057455951949,0.693765247809764,0.07735987755982988
0.5711986642890533,0.2,0.15750804171589464,0.3750798535285749,0.4199320230989029,0.7153000893626669,0.07735987755982988
1.1423973285781066,0.2,0.14284412157230633,0.33706038314645353,0.42379386221204235,0.6957265147462537,0.07735987755982988
1.7135959928671598,0.2,0.08707006630474745,0.3482315222641333,0.25003499320979017,0.6564290804892524,0.07735987755982988
2.284794657156213,0.2,0.055452978111087584,0.3948342041118986,0.140446236758586,0.6418631824244234,0.07735987755982988
2.8559933214452666,0.2,0.08296699336803298,0.4227275168526177,0.19626589247313914,0.6703001676905671,0.07735987755982988
3.4271919857343196,0.2,0.1374346292085486,0.39947256189096353,0.34404022283278,0.7054378796661798,0.07735987755982988
3.998390650023373,0.2,0.15513293360699715,0.3518990234226866,0.440845024513347,0.7069501612184952,0.07735987755982988
4.569589314312426,0.2,0.11421969551160013,0.33624019390070486,0.33969673341709516,0.6738955660391622,0.07735987755982988
5.140787978601479,0.2,0.06388023267917967,0.37080081059338565,0.17227641055302256,0.6433156739740846,0.07735987755982988
5.711986642890533,0.2,0.06332900952903944,0.41507597242184685,0.1525720921872042,0.6538855783990195,0.07735987755982988
6.283185307179586,0.2,0.11362270520967437,0.4177217101096476,0.27200574559519447,0.6937652478097631,0.07735987755982988
0.0,0.4,0.5436186566161618,1.2311898040355598,0.4415392775624877,0.9481405330679039,0.15471975511965977
0.5711986642890533,0.4,0.7103335485114479,1.1247331942055736,0.6315573792708891,1.0436854737637784,0.15471975511965977
1.1423973285781066,0.4,0.6592890620481666,0.9729245045313178,0.6776364034183338,1.0052442359455716,0.15471975511965977
1.7135959928671598,0.4,0.45844907889811237,0.9460505580029915,0.48459257808150114,0.8791619508937427,0.15471975511965977
2.284794657156213,0.4,0.3322615547648437,1.0562500523158236,0.3145671368596496,0.7976073469367773,0.15471975511965977
2.8559933214452666,0.4,0.42326042725047,1.2121965022304457,0.34916816413153257,0.8664012271130809,0.15471975511965977
3.4271919857343196,0.4,0.6248885094531372,1.1981597259510903,0.5215402386832068,0.993762014375107,0.15471975511965977
3.998390650023373,0.4,0.7008550034820413,1.0378435652552405,0.6752992714366135,1.02682972616506,0.15471975511965977
4.569589314312426,0.4,0.5536631329452671,0.9414049579586672,0.5881243010933622,0.9359018135792624,0.15471975511965977
5.140787978601479,0.4,0.37527899948589616,0.9849460950618787,0.3810147594547491,0.8213213336005533,0.15471975511965977
5.711986642890533,0.4,0.3557141550426546,1.1428563240912666,0.3112501086481697,0.8178905700202581,0.15471975511965977
6.283185307179586,0.4,0.5436186566161632,1.2311898040356288,0.44153927756246397,0.9481405330679257,0.15471975511965977
0.0,0.6000000000000001,1.209527002736171,3.0202119163268204,0.40047752814881843,1.2273375487621156,0.23207963267948967
0.5711986642890533,0.6000000000000001,1.5468167325357862,2.9942148005773355,0.5166017923087995,1.408615382789199,0.23207963267948967
1.1423973285781066,0.6000000000000001,1.4570982455398327,2.685778857147194,0.5425235371342326,1.3610777447674727,0.23207963267948967
1.7135959928671598,0.6000000000000001,1.0708214584411757,2.2996449058872885,0.4656464377173105,1.1468005234239178,0.23207963267948967
2.284794657156213,0.6000000000000001,0.8024810976984417,2.3106817857631237,0.347291912994162,0.9871345324669516,0.23207963267948967
2.8559933214452666,0.6000000000000001,0.9714542869991365,2.9020274163650974,0.3347502099811038,1.0865259510676477,0.23207963267948967
3.4271919857343196,0.6000000000000001,1.353221754187838,3.0774399632855958,0.43972320185999186,1.2965355338991023,0.23207963267948967
3.998390650023373,0.6000000000000001,1.5252408687975945,2.8427824912616524,0.536530977479279,1.3810369124033128,0.23207963267948967
4.569589314312426,0.6000000000000001,1.2560769261655875,2.4393847890604032,0.5149154540105993,1.23250977428558,0.23207963267948967
5.140787978601479,0.6000000000000001,0.9210001240736982,2.2116477085017574,0.41643165886379524,1.0371637578570414,0.23207963267948967
5.711986642890533,0.6000000000000001,0.8576492062691259,2.557693386644489,0.3353213527264503,1.0121147868827154,0.23207963267948967
6.283185307179586,0.6000000000000001,1.2095270026538107,3.020211916037701,0.4004775281598857,1.2273375486534153,0.23207963267948967
0.0,0.8,2.037945055086184,6.269545596278133,0.3250546668479442,1.490453524004722,0.30943951023931954
0.5711986642890533,0.8,2.532728026114002,6.490861160095139,0.3901990758460283,1.7386587653831993,0.30943951023931954
1.1423973285781066,0.8,2.484593965767975,5.920254347786913,0.4196768955875615,1.7084166853764555,0.30943951023931954
1.7135959928671598,0.8,1.908942360672228,4.798786338307749,0.397796906570631,1.424508351554881,0.30943951023931954
2.284794657156213,0.8,1.4924641324737777,4.357166337682138,0.3425309058243843,1.1991565135201896,0.30943951023931954
2.8559933214452666,0.8,1.6805237956045722,5.881273961557025,0.2857414578183781,1.3046567882881572,0.30943951023931954
3.4271919857343196,0.8,2.2527702451377323,6.528355383139691,0.34507469537516267,1.584848875268312,0.30943951023931954
3.998390650023373,0.8,2.562830771817126,6.304309074194706,0.4065204833163251,1.7240439920502046,0.30943951023931954
4.569589314312426,0.8,2.2195508937122477,5.248878058088551,0.42286196576655216,1.5472788846155696,0.30943951023931954
5.140787978601479,0.8,1.706888878886062,4.287875948066579,0.3980732883971854,1.2792534149534274,0.30943951023931954
5.711986642890533,0.8,1.5564470866039326,4.942853474783842,0.3148883725856345,1.213772065637701,0.30943951023931954
6.283185307179586,0.8,2.0379450557747076,6.269545597565998,0.32505466689099305,1.4904535241246442,0.30943951023931954
0.0,0.2,0.06508674830585463,0.3604827111485246,0.18055442409008587,0.6522538324919158,0.07735987755982988
0.5711986642890533,0.2,0.075739204466988,0.34989318814981224,0.21646378675585726,0.6580115967995415,0.07735987755982988
1.1423973285781066,0.2,0.07241016249204456,0.34047603812026866,0.21267329968890974,0.653545284392092,0.07735987755982988
1.7135959928671598,0.2,0.058944146735233814,0.3431458499592083,0.17177578205372682,0.6437753079693473,0.07735987755982988
2.284794657156213,0.2,0.05099145650567182,0.35475825515755643,0.14373578560708988,0.6399476895533648,0.07735987755982988
2.8559933214452666,0.2,0.057523831733987923,0.36179244092109736,0.158996776128148,0.6464273390421594,0.07735987755982988
3.4271919857343196,0.2,0.0706939634340326,0.35605900712652,0.19854563996161625,0.6552104095128215,0.07735987755982988
3.998390650023373,0.2,0.07501169585538275,0.34432228135103077,0.2178531565284025,0.6560453041635648,0.07735987755982988
4.569589314312426,0.2,0.065311952604961,0.34039113436194574,0.19187324818957624,0.6480166398469557,0.07735987755982988
5.140787978601479,0.2,0.05307028569177655,0.3488741648586977,0.15211870363995358,0.6404530589332494,0.07735987755982988
5.711986642890533,0.2,0.052845085435070716,0.3598614557398747,0.14684841789021635,0.642668514229158,0.07735987755982988
6.283185307179586,0.2,0.06508674830585522,0.3604827111485241,0.18055442409008773,0.6522538324919158,0.07735987755982988
0.0,0.4,0.3421735562768776,0.9495277192477315,0.36036184025039997,0.8443652119516054,0.15471975511965977
0.5711986642890533,0.4,0.389403268526644,0.9225315786379679,0.4221029150043424,0.8763335939089636,0.15471975511965977
1.1423973285781066,0.4,0.38523589711093553,0.8784929112329818,0.4385190730455064,0.8721114935345367,0.15471975511965977
1.7135959928671598,0.4,0.3340344233807872,0.872155817163584,0.38299856150375794,0.8370749051942115,0.15471975511965977
2.284794657156213,0.4,0.2981539073203647,0.9086107238504806,0.32814262422179863,0.8122468382343643,0.15471975511965977
2.8559933214452666,0.4,0.3146497369847608,0.943877263052129,0.3333587419695935,0.8238892128384083,0.15471975511965977
3.4271919857343196,0.4,0.36212257699680095,0.9408286764194382,0.3848974697231276,0.8571971623995814,0.15471975511965977
3.998390650023373,0.4,0.3877234518755918,0.9020630844970758,0.42981855541927866,0.874549058759491,0.15471975511965977
4.569589314312426,0.4,0.3584833565578923,0.8720501584968354,0.41108112081054476,0.8539717296939351,0.15471975511965977
5.140787978601479,0.4,0.30874893584346835,0.8915699530594055,0.34629804961910415,0.8204266212994128,0.15471975511965977
5.711986642890533,0.4,0.3012941193172056,0.9331183427695616,0.32288950447908166,0.8154996167560012,0.15471975511965977
6.283185307179586,0.4,0.3421735562768772,0.9495277192477316,0.3603618402503994,0.8443652119516051,0.15471975511965977
0.0,0.6000000000000001,0.8047084434943874,2.1811202404014844,0.368942724288443,1.061303612457596,0.23207963267948967
0.5711986642890533,0.6000000000000001,0.9353663658216456,2.208248252193026,0.42357844725688204,1.1478476013643653,0.23207963267948967
1.1423973285781066,0.6000000000000001,0.94869195501365,2.0880148371559133,0.45435115600321313,1.1489779142525485,0.23207963267948967
1.7135959928671598,0.6000000000000001,0.8293284220934193,2.024836500395,0.40957796934796264,1.072854020818798,0.23207963267948967
2.284794657156213,0.6000000000000001,0.7374338719996224,2.0535976927062056,0.35909364069641175,1.0112613053242874,0.23207963267948967
2.8559933214452666,0.6000000000000001,0.7559044253181567,2.134355631558501,0.3541604848514384,1.0240378729588382,0.23207963267948967
3.4271919857343196,0.6000000000000001,0.8528784347176797,2.21204926927101,0.38556032479274266,1.095858903591611,0.23207963267948967
3.998390650023373,0.6000000000000001,0.9457566561914323,2.1626123179258783,0.43732140446628465,1.1519587783518588,0.23207963267948967
4.569589314312426,0.6000000000000001,0.8816658873799093,2.060888956845084,0.42780853594829743,1.109563725990553,0.23207963267948967
5.140787978601479,0.6000000000000001,0.7697042148475073,2.0399886067517943,0.3773080949079817,1.0352536672547514,0.23207963267948967
5.711986642890533,0.6000000000000001,0.7329042939997509,2.1086213368391267,0.3475751104266031,1.0108358604218866,0.23207963267948967
6.283185307179586,0.6000000000000001,0.8047084434943877,2.1811202404014893,0.3689427242884423,1.0613036124575976,0.23207963267948967
0.0,0.8,1.4566906977952765,4.338984236128928,0.33572159254832395,1.288665951265544,0.30943951023931954
0.5711986642890533,0.8,1.6770433008086099,4.61306849825565,0.3635418163512538,1.427880991464048,0.30943951023931954
1.1423973285781066,0.8,1.733679483467268,4.413076509885834,0.39285053852649343,1.4409860365250862,0.30943951023931954
1.7135959928671598,0.8,1.52162950417232,4.217139449207621,0.36082029596109905,1.31912586002137,0.30943951023931954
2.284794657156213,0.8,1.366649334370511,4.07819110444285,0.3351116461613729,1.2180861549248472,0.30943951023931954
2.8559933214452666,0.8,1.3779327414662472,4.174071736178326,0.3301171682132726,1.230523921217383,0.30943951023931954
3.4271919857343196,0.8,1.5044048796133833,4.4705426002709405,0.33651505289809963,1.3330386264906846,0.30943951023931954
3.998390650023373,0.8,1.7315325359515388,4.590326913700821,0.3772133376347132,1.4510706556543893,0.30943951023931954
4.569589314312426,0.8,1.6131709841828763,4.327037196514237,0.372811905911604,1.3768539094807588,0.30943951023931954
5.140787978601479,0.8,1.4308386562251563,4.13129462561599,0.3463414706260059,1.260090019395659,0.30943951023931954
5.711986642890533,0.8,1.3482827372331914,4.110521982754096,0.32800766980203006,1.2106487435689748,0.30943951023931954
6.283185307179586,0.8,1.456690697795276,4.338984236128931,0.3357215925483236,1.2886659512655438,0.30943951023931954
0.0,0.2,0.19647677513118034,0.22513110374086714,0.8727215914036079,0.6411634869953842,0.07735987755982988
0.5711986642890533,0.2,0.14159133014208242,0.17178596841772073,0.8242310559252664,0.5657222403942728,0.07735987755982988
1.1423973285781066,0.2,0.06787369257885316,0.18616295923742654,0.36459289676572626,0.5184849933629803,0.07735987755982988
1.7135959928671598,0.2,0.003833623826096663,0.26214377465408834,0.014624126898131832,0.531527666684998,0.07735987755982988
2.284794657156213,0.2,-0.03231708164135564,0.38354448480889747,-0.08425901797925149,0.5971237127904322,0.07735987755982988
2.8559933214452666,0.2,-0.023778890578944296,0.5012668684562461,-0.04743758679319113,0.678737181244663,0.07735987755982988
3.4271919857343196,0.2,0.024979663381423434,0.574738978115824,0.0434626227427878,0.7474582547601116,0.07735987755982988
3.998390650023373,0.2,0.09453484578179518,0.5809735057205749,0.1627179980686807,0.7864754789382554,0.07735987755982988
4.569589314312426,0.2,0.16145272750423337,0.5301804490840646,0.3045241064304762,0.7935615030065842,0.07735987755982988
5.140787978601479,0.2,0.2076160178937235,0.4355958064105736,0.47662538260993653,0.7688556520317975,0.07735987755982988
5.711986642890533,0.2,0.22039087126324453,0.3229017799151684,0.6825322279770177,0.7146945627541734,0.07735987755982988
6.283185307179586,0.2,0.19647677513112033,0.22513110374095185,0.8727215914030131,0.6411634869954063,0.07735987755982988
0.0,0.4,0.7030541467658589,0.8546690771179983,0.8226039359427918,0.9103394833813092,0.15471975511965977
0.5711986642890533,0.4,0.6440524989713683,0.5853243694087708,1.100334331922517,0.8210533208159586,0.15471975511965977
1.1423973285781066,0.4,0.4901756105969167,0.4123700386098767,1.1886790132700404,0.7117667576582314,0.15471975511965977
1.7135959928671598,0.4,0.32564891062793033,0.491006651121015,0.6632270864039068,0.6584421498382398,0.15471975511965977
2.284794657156213,0.4,0.17953268127419428,0.8556677513854907,0.20981587886594574,0.7074658427486932,0.15471975511965977
2.8559933214452666,0.4,0.141779909675773,1.3587513088732515,0.10434573917234671,0.8275568159972458,0.15471975511965977
3.4271919857343196,0.4,0.2110074339617856,1.8369912802632735,0.11486577874857656,0.9524565934846537,0.15471975511965977
3.998390650023373,0.4,0.3711281354983634,2.037614540426154,0.18213853902943994,1.0367945049548055,0.15471975511965977
4.569589314312426,0.4,0.5495967452448979,1.8755449044457397,0.29303310410865074,1.0609259043235268,0.15471975511965977
5.140787978601479,0.4,0.6663370617395505,1.561730922143188,0.42666572857834284,1.0415079395522413,0.15471975511965977
5.711986642890533,0.4,0.7066272029833036,1.1694897873140753,0.604218361415698,0.9826491535649053,0.15471975511965977
6.283185307179586,0.4,0.7027762502090474,0.8556227952826254,0.8213622335493173,0.9104047054660387,0.15471975511965977
0.0,0.6000000000000001,1.5187575121201269,2.2646726689010253,0.6706300354024816,1.1872954277742778,0.23207963267948967
0.5711986642890533,0.6000000000000001,1.443754688979396,1.7083943335533172,0.8450945198211394,1.1057564583986068,0.23207963267948967
1.1423973285781066,0.6000000000000001,1.2420460984439716,1.113698061673982,1.1152449134885551,0.9785293811556581,0.23207963267948967
1.7135959928671598,0.6000000000000001,0.9841515182774655,0.9317491120439803,1.0562408974219788,0.8728914493273237,0.23207963267948967
2.284794657156213,0.6000000000000001,0.7491342920738719,1.4936740417039034,0.5015380003653941,0.8911510901524353,0.23207963267948967
2.8559933214452666,0.6000000000000001,0.5744212997385821,2.9025928262899616,0.19789937277313416,1.0199855880574915,0.23207963267948967
3.4271919857343196,0.6000000000000001,0.6594969452368381,4.2275050018942775,0.15600145829308967,1.18646994132628,0.23207963267948967
3.998390650023373,0.6000000000000001,0.9183620054423975,5.131836085273919,0.1789538851557802,1.3142058104457035,0.23207963267948967
4.569589314312426,0.6000000000000001,1.2763151125102783,4.902053187534143,0.260363375035573,1.3601142049825041,0.23207963267948967
5.140787978601479,0.6000000000000001,1.502355206590247,3.8028411038385075,0.3950612622425379,1.3218569443879218,0.23207963267948967
5.711986642890533,0.6000000000000001,1.5590818452590351,3.0172094582685633,0.5167297354800551,1.2689417415357134,0.23207963267948967
6.283185307179586,0.6000000000000001,1.5188071201352626,2.2637961258539847,0.6709116173446558,1.1867103784672817,0.23207963267948967
0.0,0.8,2.641915382122703,4.578613336071473,0.5770121187803796,1.459652795950299,0.30943951023931954
0.5711986642890533,0.8,2.5416153322674426,3.4379272080546173,0.739287128102296,1.3622118281220363,0.30943951023931954
1.1423973285781066,0.8,2.3253128946233255,2.170104883049259,1.0715209724591654,1.239153315695718,0.30943951023931954
1.7135959928671598,0.8,2.000571561467805,1.190147386839602,1.6809443801580393,1.106094848793807,0.30943951023931954
2.284794657156213,0.8,1.660097001397961,1.6900404368964415,0.9822824147607568,1.1061195076814387,0.30943951023931954
2.8559933214452666,0.8,1.3932358242755112,3.813525169637771,0.36534066573575236,1.239788141741106,0.30943951023931954
3.4271919857343196,0.8,1.3483334527365833,7.954478101986096,0.1695062121548776,1.4591952736275087,0.30943951023931954
3.998390650023373,0.8,1.751601604921198,9.760168690598388,0.1794642757156904,1.6207792474752456,0.30943951023931954
4.569589314312426,0.8,2.2881902472485165,9.411839678960979,0.24311827711679865,1.661517187023349,0.30943951023931954
5.140787978601479,0.8,2.620571480898918,7.332072191908582,0.3574121220179595,1.6047521755306633,0.30943951023931954
5.711986642890533,0.8,2.7512985370770893,5.4298869353478665,0.5066953639801391,1.5268508884824143,0.30943951023931954
6.283185307179586,0.8,2.6341825507483163,4.517303041274916,0.5831316886822967,1.4575068080503775,0.30943951023931954
0.0,0.2,0.2930931249422699,0.25450720752880746,1.1516103130756914,0.6866268716400873,0.07735987755982988
0.5711986642890533,0.2,0.20144764771744808,0.1736936807839004,1.1597868546989776,0.5701500873579604,0.07735987755982988
1.1423973285781066,0.2,0.09613856704693155,0.18294949759551743,0.5254923807415096,0.4911039264725924,0.07735987755982988
1.7135959928671598,0.2,0.00851457660480157,0.28748595154693074,0.029617365853828875,0.5248181616184981,0.07735987755982988
2.284794657156213,0.2,-0.022355826131832925,0.4383364310228837,-0.05100152428504356,0.6343875062701366,0.07735987755982988
2.8559933214452666,0.2,0.006650404181404522,0.598629136221022,0.011109389401569494,0.7525003327888302,0.07735987755982988
3.4271919857343196,0.2,0.09225655876979837,0.6935498199038393,0.13302080992911183,0.8434756574218486,0.07735987755982988
3.998390650023373,0.2,0.19596856878135688,0.7078279710617662,0.2768590346710901,0.8928064043689896,0.07735987755982988
4.569589314312426,0.2,0.28298496799089906,0.6435251142585328,0.43974191794667294,0.8953022079619205,0.07735987755982988
5.140787978601479,0.2,0.33460870356778966,0.5241233838443837,0.6384159033574766,0.8578250960960645,0.07735987755982988
5.711986642890533,0.2,0.33935451653709564,0.38570076604789677,0.879838845056777,0.7878221011397311,0.07735987755982988
6.283185307179586,0.2,0.29301677191126035,0.2545709128368454,1.1510221990642542,0.6864111159523956,0.07735987755982988
0.0,0.4,1.0161658355514611,1.2908407651068292,0.7872123836028403,1.0568758412097243,0.15471975511965977
0.5711986642890533,0.4,0.9167407538042767,0.9261368993783029,0.9898544744515269,0.9458118284368621,0.15471975511965977
1.1423973285781066,0.4,0.7354985676779422,0.606844038640528,1.2120059205420066,0.8087731108939242,0.15471975511965977
1.7135959928671598,0.4,0.533686711315046,0.6327785543912688,0.8434020205195656,0.7124716378906093,0.15471975511965977
2.284794657156213,0.4,0.30301399654927724,1.2030112069119567,0.25187961243278223,0.7807413179730237,0.15471975511965977
2.8559933214452666,0.4,0.30093506562798644,1.7993454691501654,0.16724696329166777,0.9427228631305486,0.15471975511965977
3.4271919857343196,0.4,0.3977257055353802,2.607696489009013,0.1525199375048917,1.1158249706168906,0.15471975511965977
3.998390650023373,0.4,0.6537652757926433,2.976241241828572,0.21966138584618786,1.2265178073333618,0.15471975511965977
4.569589314312426,0.4,0.9178313854891893,2.715894769698047,0.33794806622468426,1.2496468899196984,0.15471975511965977
5.140787978601479,0.4,1.0641396773058016,2.2135834080175067,0.4807316830490923,1.224397891454477,0.15471975511965977
5.711986642890533,0.4,1.0702881503974309,1.6693294272958703,0.6411485551603674,1.1472281027269775,0.15471975511965977
6.283185307179586,0.4,1.0141293418576283,1.296933396080696,0.7819440419394741,1.0573127614431965,0.15471975511965977
0.0,0.6000000000000001,2.2095592273697333,2.887434882322218,0.7652325740391058,1.3731669455683542,0.23207963267948967
0.5711986642890533,0.6000000000000001,2.087514130292404,2.102696590055212,0.9927795289940479,1.2724463950147462,0.23207963267948967
1.1423973285781066,0.6000000000000001,1.871257979641846,1.3633997672341596,1.3724939849725406,1.1288014444877779,0.23207963267948967
1.7135959928671598,0.6000000000000001,1.4288652937257387,1.2327069803821755,1.159128094888169,0.9687495780080239,0.23207963267948967
2.284794657156213,0.6000000000000001,1.0794956241698075,2.217342967422146,0.4868419725906521,0.9842358297377923,0.23207963267948967
2.8559933214452666,0.6000000000000001,0.8238920950761659,4.525654384241679,0.18204927401105944,1.1819422466115226,0.23207963267948967
3.4271919857343196,0.6000000000000001,1.0294762329616096,6.553180567510655,0.15709566100857114,1.4088698900150132,0.23207963267948967
3.998390650023373,0.6000000000000001,1.457883993748351,7.728321163089435,0.18864174546876034,1.559928969438088,0.23207963267948967
4.569589314312426,0.6000000000000001,1.9639691842230267,6.940854436963695,0.28295784071826363,1.5989592646878685,0.23207963267948967
5.140787978601479,0.6000000000000001,2.291386689598268,5.4049858787175085,0.42393944054891164,1.5730400615166507,0.23207963267948967
5.711986642890533,0.6000000000000001,2.4303443962563227,4.159250585284691,0.5843226673706103,1.4880258881849995,0.23207963267948967
6.283185307179586,0.6000000000000001,2.20575109156229,2.8608852202023036,0.7710030014438375,1.372274259402905,0.23207963267948967
0.0,0.8,4.014537006355452,5.214987680345683,0.769807572410093,1.6912048496246406,0.30943951023931954
0.5711986642890533,0.8,3.64321021024337,4.142019798794471,0.8795733451838452,1.5757539696306637,0.30943951023931954
1.1423973285781066,0.8,3.328149559529162,2.9195353767493857,1.139958633840816,1.4286002268029343,0.30943951023931954
1.7135959928671598,0.8,2.8976901657589167,1.914923883301697,1.5132142802265025,1.288902387112721,0.30943951023931954
2.284794657156213,0.8,2.277181401481273,3.526629707455864,0.6457103780039464,1.2532286913877781,0.30943951023931954
2.8559933214452666,0.8,1.959829111685499,6.938030363273482,0.28247629501016164,1.4950913855490913,0.30943951023931954
3.4271919857343196,0.8,1.9951744355501237,13.657080656208798,0.1460908437004123,1.8094100456334394,0.30943951023931954
3.998390650023373,0.8,2.7180078119502595,16.297416925773913,0.16677537454734961,1.989950123249334,0.30943951023931954
4.569589314312426,0.8,3.6134139080171614,15.466359674220113,0.2336305364758929,2.056134958122289,0.30943951023931954
5.140787978601479,0.8,3.9655310690958294,11.48510697438608,0.3452759367361314,1.911614906767146,0.30943951023931954
5.711986642890533,0.8,4.061359002151061,7.043130474796607,0.5766411706675568,1.817304966583479,0.30943951023931954
6.283185307179586,0.8,4.0927095972858405,5.180089813274745,0.790084678994883,1.7041688916105933,0.30943951023931954
0.5235987755982988,0.2,0.20903388398353198,0.1772796386681779,1.1791195286379723,0.5790081835434788,0.07735987755982988
0.6663984416705622,0.2,0.18393397436324282,0.16906495940793448,1.0879485317796167,0.5526683072419203,0.07735987755982988
0.8091981077428254,0.2,0.1601234877354134,0.16489047835062923,0.9710899582383459,0.5289014157223406,0.07735987755982988
0.9519977738150888,0.2,0.13219898482462134,0.1684116961445596,0.784975081013053,0.5083894564279446,0.07735987755982988
1.0947974398873521,0.2,0.10406135143317327,0.17830807730459383,0.5836042483673413,0.4938327357577747,0.07735987755982988
1.2375971059596154,0.2,0.07958762411836917,0.1930125805285351,0.4123442311399121,0.487535309945034,0.07735987755982988
1.3803967720318786,0.2,0.054153929211762285,0.2166332734758488,0.24997973922874595,0.48994053491515765,0.07735987755982988
1.523196438104142,0.2,0.03196433125630547,0.2443946973345085,0.13078979046977918,0.5006228836586518,0.07735987755982988
1.6659961041764055,0.2,0.013510655297133738,0.27589593221763176,0.04897011416056793,0.5179112988264098,0.07735987755982988
1.8087957702486688,0.2,0.0016837135252949238,0.30747610626719335,0.005475916635394736,0.5400206005686383,0.07735987755982988
1.951595436320932,0.2,-0.009000658931061957,0.3438085177856128,-0.026179278480454808,0.5660337790118345,0.07735987755982988
2.0943951023931953,0.2,-0.01875191311827678,0.3858206797125698,-0.04860266466858815,0.5946803977251,0.07735987755982988
0.5235987755982988,0.28571428571428575,0.46859651635783706,0.40767442806435317,1.149438091034415,0.7403599733284119,0.110514110799757
0.6663984416705622,0.28571428571428575,0.4375856294418459,0.37177298778201134,1.1770237317468146,0.7090014012019032,0.110514110799757
0.8091981077428254,0.28571428571428575,0.394825866239956,0.33700490623619045,1.1715730511152904,0.6703517802971725,0.110514110799757
0.9519977738150888,0.28571428571428575,0.34902681415986103,0.3155773932139195,1.10599435087946,0.6324533568169408,0.110514110799757
1.0947974398873521,0.28571428571428575,0.30545359497703334,0.31211670863971297,0.9786518520853329,0.6013439307453006,0.110514110799757
1.2375971059596154,0.28571428571428575,0.2647562522016324,0.3220341111494943,0.822137292402318,0.5766758700229933,0.110514110799757
1.3803967720318786,0.28571428571428575,0.23418127510905204,0.3338887843585601,0.7013750867940712,0.5633372678342754,0.110514110799757
1.523196438104142,0.28571428571428575,0.19741255118508647,0.3626869457359267,0.5443056429409595,0.5589489944418154,0.110514110799757
1.6659961041764055,0.28571428571428575,0.16957251236961451,0.40102582448995816,0.42284686425190726,0.5684482778582768,0.110514110799757
1.8087957702486688,0.28571428571428575,0.13993510609491125,0.4539961759123974,0.3082297021856699,0.586661380219145,0.110514110799757
1.951595436320932,0.28571428571428575,0.1119769983006411,0.5161348754465037,0.21695297804429664,0.6107060885691161,0.110514110799757
2.0943951023931953,0.28571428571428575,0.07968538015531977,0.601136986419641,0.13255777294610366,0.638086479360601,0.110514110799757
0.5235987755982988,0.37142857142857144,0.7940331239419055,0.7871703147169075,1.0087183282914653,0.897690691232156,0.14366834403968406
0.6663984416705622,0.37142857142857144,0.7626118109668049,0.7064245290157554,1.0795375580025992,0.8646356914838939,0.14366834403968406
0.8091981077428254,0.37142857142857144,0.7241907015036252,0.6229563207056135,1.1625063867773988,0.8296829768471942,0.14366834403968406
0.9519977738150888,0.37142857142857144,0.6770550891895347,0.5758247132997112,1.1758006795327212,0.7963988043095453,0.14366834403968406
1.0947974398873521,0.37142857142857144,0.6398114978335565,0.526000140405867,1.216371344197497,0.7709889096565583,0.14366834403968406
1.2375971059596154,0.37142857142857144,0.5728617417606808,0.5044091716809914,1.1357084167434242,0.7273565376013298,0.14366834403968406
1.3803967720318786,0.37142857142857144,0.5187088482495233,0.5140853392277788,1.0089936605247092,0.6945543433028603,0.14366834403968406
1.523196438104142,0.37142857142857144,0.455083225277885,0.5437543440099648,0.8369279809736014,0.6667119080774101,0.14366834403968406
1.6659961041764055,0.37142857142857144,0.3967209443493668,0.6268445237442267,0.6328857145942652,0.6591147785170852,0.14366834403968406
1.8087957702486688,0.37142857142857144,0.3668300053179284,0.650613736459306,0.5638214884829328,0.6645413989109954,0.14366834403968406
1.951595436320932,0.37142857142857144,0.344088750075077,0.7027348194324435,0.489642380824358,0.6847511309232552,0.14366834403968406
2.0943951023931953,0.37142857142857144,0.28057733113625655,0.8718882800838805,0.3218042237123126,0.7100525797069207,0.14366834403968406
0.5235987755982988,0.4571428571428572,1.2104515765879795,1.266156896812081,0.9560044095922425,1.0447973740173588,0.17682257727961118
0.6663984416705622,0.4571428571428572,1.1769853630489255,1.1463741516724928,1.0267026357247961,1.0163504338040332,0.17682257727961118
0.8091981077428254,0.4571428571428572,1.1344252236112602,1.0153234039429537,1.1173043182160294,0.980051097636322,0.17682257727961118
0.9519977738150888,0.4571428571428572,1.0713675079960099,0.9321397341861076,1.149363629404199,0.9404071853633199,0.17682257727961118
1.0947974398873521,0.4571428571428572,0.9973821497296902,0.8263738160081912,1.2069382286911714,0.8975393787801635,0.17682257727961118
1.2375971059596154,0.4571428571428572,0.94043739046553,0.752872893645648,1.2491316906252734,0.8627026020312968,0.17682257727961118
1.3803967720318786,0.4571428571428572,0.8795090530208434,0.7311831696187008,1.2028573544430623,0.8340178640292637,0.17682257727961118
1.523196438104142,0.4571428571428572,0.8453279475530843,0.6866141765139108,1.2311542296504825,0.8192225405172893,0.17682257727961118
1.6659961041764055,0.4571428571428572,0.7768019001923646,0.7001999829075397,1.1094000559193673,0.7879363783970151,0.17682257727961118
1.8087957702486688,0.4571428571428572,0.6652813923285095,0.8671523989406595,0.7672023892700268,0.7642079136758747,0.17682257727961118
1.951595436320932,0.4571428571428572,0.6033616195378829,1.0093705817755085,0.5977602581566767,0.7689785998500893,0.17682257727961118
2.0943951023931953,0.4571428571428572,0.5374389775932968,1.176204139704124,0.45692661626619546,0.7870072267103011,0.17682257727961118
0.5235987755982988,0.5428571428571429,1.7315762812668107,1.8153262338544696,0.9538650678727685,1.1971354838955237,0.2099768105195383
0.6663984416705622,0.5428571428571429,1.6901256644509621,1.654217951456296,1.021706760565048,1.1643117995642553,0.2099768105195383
0.8091981077428254,0.5428571428571429,1.6665389513792137,1.443049778206634,1.1548728093429481,1.1361408724368542,0.2099768105195383
0.9519977738150888,0.5428571428571429,1.622776316287637,1.2977204080703801,1.2504822349989797,1.111262872418578,0.2099768105195383
1.0947974398873521,0.5428571428571429,1.5686777386193018,1.168457941196397,1.3425196434653999,1.0814022824635419,0.2099768105195383
1.2375971059596154,0.5428571428571429,1.4981290389469564,0.9792671229043098,1.5298471723464035,1.0500967337640703,0.2099768105195383
1.3803967720318786,0.5428571428571429,1.377188923603834,0.9780904927960283,1.4080383499761038,0.9891933828732701,0.2099768105195383
1.523196438104142,0.5428571428571429,1.305370828638091,0.9078001745751464,1.4379495236922697,0.9744964589710308,0.2099768105195383
1.6659961041764055,0.5428571428571429,1.215038090715743,0.939630815934543,1.2931015778865063,0.9409158232103313,0.2099768105195383
1.8087957702486688,0.5428571428571429,1.0885244213388292,1.099516806750353,0.9900025307989498,0.9149029078562345,0.2099768105195383
1.951595436320932,0.5428571428571429,1.0262519516439526,1.1055572475950206,0.9282666762634091,0.8783903767081918,0.2099768105195383
2.0943951023931953,0.5428571428571429,0.9390639079401395,1.4253210629568636,0.6588437737614207,0.8916413779286719,0.2099768105195383
0.5235987755982988,0.6285714285714287,2.2977545976893654,2.455173118979727,0.9358829240702268,1.3265658482820681,0.24313104375946537
0.6663984416705622,0.6285714285714287,2.2304776876132357,2.334779368309019,0.9553269648894814,1.2882611323377686,0.24313104375946537
0.8091981077428254,0.6285714285714287,2.1954319838146223,2.1416947033026115,1.025091008736747,1.25610470402196,0.24313104375946537
0.9519977738150888,0.6285714285714287,2.170451610777552,1.825550272101517,1.1889300688931426,1.2342573023226528,0.24313104375946537
1.0947974398873521,0.6285714285714287,2.092532875800801,1.6611824065244845,1.2596647228998683,1.1996577433978552,0.24313104375946537
1.2375971059596154,0.6285714285714287,1.995228534398703,1.5200083189855411,1.3126431674599819,1.1540042553320031,0.24313104375946537
1.3803967720318786,0.6285714285714287,1.914525660568291,1.3171400459902587,1.4535475300418057,1.128804098748997,0.24313104375946537
1.523196438104142,0.6285714285714287,1.7465859467799796,1.42309511695836,1.227314974218329,1.0698845187358872,0.24313104375946537
1.6659961041764055,0.6285714285714287,1.6965430256769425,1.3026299207922185,1.302398324034472,1.0339587185426662,0.24313104375946537
1.8087957702486688,0.6285714285714287,1.539399346014318,1.4878623050597324,1.0346383134913257,1.0147499096232222,0.24313104375946537
1.951595436320932,0.6285714285714287,1.42526408080275,1.5440366683114146,0.9230765758700819,1.0091911819773387,0.24313104375946537
2.0943951023931953,0.6285714285714287,1.3783700251758646,1.803556566927511,0.7642510639541611,1.038334217043628,0.24313104375946537
0.5235987755982988,0.7142857142857144,2.954352721754424,3.1827762023777484,0.928231372204971,1.4540678456161298,0.2762852769993925
0.6663984416705622,0.7142857142857144,2.881280667006119,2.8681920401713783,1.0045633718563554,1.4104114179120522,0.2762852769993925
0.8091981077428254,0.7142857142857144,2.8203473674200215,2.7548944196371923,1.0237587862955013,1.3852874079197552,0.2762852769993925
0.9519977738150888,0.7142857142857144,2.7657655738881646,2.5201598692134097,1.0974563985702277,1.354943638946437,0.2762852769993925
1.0947974398873521,0.7142857142857144,2.715124458134256,2.202527779272768,1.2327310845680854,1.3301086704729834,0.2762852769993925
1.2375971059596154,0.7142857142857144,2.6004112452914563,1.9062208883905005,1.3641709946254386,1.2838751139884756,0.2762852769993925
1.3803967720318786,0.7142857142857144,2.4842194559360964,1.7118793901610734,1.4511650004165026,1.2469988473132068,0.2762852769993925
1.523196438104142,0.7142857142857144,2.377954327891899,1.6273109392042064,1.461278401443534,1.215618592065853,0.2762852769993925
1.6659961041764055,0.7142857142857144,2.251758392398887,1.5680885611939666,1.4359892981327302,1.1862998456399865,0.2762852769993925
1.8087957702486688,0.7142857142857144,2.142780942155396,1.7018921436931862,1.2590580138089482,1.159063075177931,0.2762852769993925
1.951595436320932,0.7142857142857144,2.0137138130918375,1.9800478690434185,1.0170025909851783,1.1354800396931979,0.2762852769993925
2.0943951023931953,0.7142857142857144,1.9699359207427907,1.8717098756984623,1.0524793112007669,1.1341957384420154,0.2762852769993925
0.5235987755982988,0.8,3.650440118969425,4.123037426013408,0.8853764207760442,1.5822677859025034,0.30943951023931954
0.6663984416705622,0.8,3.6328923999354377,3.803387875476153,0.955172735171174,1.5617656091729768,0.30943951023931954
0.8091981077428254,0.8,3.593655256482622,3.6225703454216034,0.9920180738586551,1.5335701371103316,0.30943951023931954
0.9519977738150888,0.8,3.4573420963873986,3.4109860593189554,1.0135902159265051,1.4881858097355265,0.30943951023931954
1.0947974398873521,0.8,3.3359569692588535,3.0605185347438253,1.0899973097330329,1.4463805704734964,0.30943951023931954
1.2375971059596154,0.8,3.2987097207484415,2.789508195695148,1.1825416845303083,1.4270046851682863,0.30943951023931954
1.3803967720318786,0.8,3.1546975221237097,2.781602156602155,1.1341296650335166,1.3798392861723467,0.30943951023931954
1.523196438104142,0.8,3.0284742496589856,2.1218222515569183,1.4272987510790776,1.342492103588038,0.30943951023931954
1.6659961041764055,0.8,2.9675768676047247,2.0184710980343636,1.4702102351104376,1.3086701660209432,0.30943951023931954
1.8087957702486688,0.8,2.796989582637357,2.1135345939460195,1.3233706184176104,1.272063121703477,0.30943951023931954
1.951595436320932,0.8,2.663072680291168,2.0219284092694956,1.3170954362589484,1.2326565117647212,0.30943951023931954
2.0943951023931953,0.8,2.3815286381001064,2.98906563785332,0.7967468522405774,1.2098723644302278,0.30943951023931954
0.5235987755982988,0.2,0.20903388398353198,0.1772796386681779,1.1791195286379723,0.5790081835434788,0.07735987755982988
0.6663984416705622,0.2,0.18393397436324282,0.16906495940793448,1.0879485317796167,0.5526683072419203,0.07735987755982988
0.8091981077428254,0.2,0.1601234877354134,0.16489047835062923,0.9710899582383459,0.5289014157223406,0.07735987755982988
0.9519977738150888,0.2,0.13219898482462134,0.1684116961445596,0.784975081013053,0.5083894564279446,0.07735987755982988
1.0947974398873521,0.2,0.10406135143317327,0.17830807730459383,0.5836042483673413,0.4938327357577747,0.07735987755982988
1.2375971059596154,0.2,0.07958762411836917,0.1930125805285351,0.4123442311399121,0.487535309945034,0.07735987755982988
1.3803967720318786,0.2,0.054153929211762285,0.2166332734758488,0.24997973922874595,0.48994053491515765,0.07735987755982988
1.523196438104142,0.2,0.03196433125630547,0.2443946973345085,0.13078979046977918,0.5006228836586518,0.07735987755982988
1.6659961041764055,0.2,0.013510655297133738,0.27589593221763176,0.04897011416056793,0.5179112988264098,0.07735987755982988
1.8087957702486688,0.2,0.0016837135252949238,0.30747610626719335,0.005475916635394736,0.5400206005686383,0.07735987755982988
