phase angle (phi_L),L0,<thrust>,"<power,input>",efficiency,<|LES|>,Strouhal Number (St)
0.5235987755982988,0.0,0.2812971418254377,0.8559002612239062,0.3286564504878092,0.8154226154841262,0.15471975511965977
0.6663984416705622,0.0,0.2812971418254377,0.8559002612239062,0.3286564504878092,0.8154226154841262,0.15471975511965977
0.8091981077428254,0.0,0.2812971418254377,0.8559002612239062,0.3286564504878092,0.8154226154841262,0.15471975511965977
0.9519977738150888,0.0,0.2812971418254377,0.8559002612239062,0.3286564504878092,0.8154226154841262,0.15471975511965977
1.0947974398873521,0.0,0.2812971418254377,0.8559002612239062,0.3286564504878092,0.8154226154841262,0.15471975511965977
1.2375971059596154,0.0,0.2812971418254377,0.8559002612239062,0.3286564504878092,0.8154226154841262,0.15471975511965977
1.3803967720318786,0.0,0.2812971418254377,0.8559002612239062,0.3286564504878092,0.8154226154841262,0.15471975511965977
1.523196438104142,0.0,0.2812971418254377,0.8559002612239062,0.3286564504878092,0.8154226154841262,0.15471975511965977
1.6659961041764055,0.0,0.2812971418254377,0.8559002612239062,0.3286564504878092,0.8154226154841262,0.15471975511965977
1.8087957702486688,0.0,0.2812971418254377,0.8559002612239062,0.3286564504878092,0.8154226154841262,0.15471975511965977
1.951595436320932,0.0,0.2812971418254377,0.8559002612239062,0.3286564504878092,0.8154226154841262,0.15471975511965977
2.0943951023931953,0.0,0.2812971418254377,0.8559002612239062,0.3286564504878092,0.8154226154841262,0.15471975511965977
0.5235987755982988,0.225,0.3450923022502944,0.6928518017342318,0.4980752036532438,0.7932131052222794,0.15471975511965977
0.6663984416705622,0.225,0.33757740909608075,0.675962053298055,0.49940289909621777,0.7860864633563587,0.15471975511965977
0.8091981077428254,0.225,0.3290223406711762,0.6628781691115373,0.49635416582230846,0.7794960960028788,0.15471975511965977
0.9519977738150888,0.225,0.3195875856622518,0.6538706906589817,0.48876267162268144,0.773586327563279,0.15471975511965977
1.0947974398873521,0.225,0.309436499979331,0.6491952865482987,0.47664625173816566,0.7684955293504244,0.15471975511965977
1.2375971059596154,0.225,0.29880034813859757,0.6490332944362076,0.4603775348661503,0.7644279427750925,0.15471975511965977
1.3803967720318786,0.225,0.28791078419204996,0.6534213130033656,0.44062043655831445,0.7614815240948192,0.15471975511965977
1.523196438104142,0.225,0.27697660480028125,0.6623443607360288,0.41817613498285333,0.7597606270048995,0.15471975511965977
1.6659961041764055,0.225,0.2662134487849499,0.6757665787019115,0.39394290451049335,0.7593453634997825,0.15471975511965977
1.8087957702486688,0.225,0.2558490994211989,0.6935051989661699,0.3689216747078482,0.7602653066887831,0.15471975511965977
1.951595436320932,0.225,0.24609898467632096,0.7153103771444631,0.34404503630823063,0.7625409499152112,0.15471975511965977
2.0943951023931953,0.225,0.2372147326422453,0.7407666525336386,0.3202286871728115,0.7661480172032344,0.15471975511965977
0.5235987755982988,0.45,0.4226328840474067,0.5630268485061869,0.7506442812962276,0.7814214189090698,0.15471975511965977
0.6663984416705622,0.45,0.4092233518800885,0.5297209545583348,0.7725262675728705,0.7679103970061529,0.15471975511965977
0.8091981077428254,0.45,0.39304996272717185,0.5040054068047826,0.7798526710635323,0.7549987747629308,0.15471975511965977
0.9519977738150888,0.45,0.3754810633595172,0.4849671934327741,0.774240130969944,0.7428985948881262,0.15471975511965977
1.0947974398873521,0.45,0.35637631841851736,0.4744980017900578,0.7510596821779588,0.7322602626542555,0.15471975511965977
1.2375971059596154,0.45,0.33597222918167263,0.473336597626775,0.7097955891561677,0.7235015166780366,0.15471975511965977
1.3803967720318786,0.45,0.3145871404876545,0.48182795251111304,0.65290346657586,0.7169468273430564,0.15471975511965977
1.523196438104142,0.45,0.29270292707164486,0.49990788853930235,0.5855137191911561,0.7128311926962088,0.15471975511965977
1.6659961041764055,0.45,0.27081811295198716,0.527377387534107,0.5135186288859845,0.711332431067863,0.15471975511965977
1.8087957702486688,0.45,0.2494316127705498,0.5638343680660567,0.4423845492535271,0.7125527188875794,0.15471975511965977
1.951595436320932,0.45,0.22907046568824393,0.6086156646436558,0.3763795100843561,0.7165208684697036,0.15471975511965977
2.0943951023931953,0.45,0.21025633832751664,0.6608567473890762,0.31815720904447276,0.7231571039211538,0.15471975511965977
0.5235987755982988,0.675,0.5103755426493228,0.49583198682218793,1.0293316208184657,0.7843178839729893,0.15471975511965977
0.6663984416705622,0.675,0.49247714025899836,0.4440165262626681,1.1091414646302202,0.7642458068375921,0.15471975511965977
0.8091981077428254,0.675,0.47072702652657505,0.40068994349442183,1.174791217422027,0.7446651912322632,0.15471975511965977
0.9519977738150888,0.675,0.44652991377807777,0.3683731973042015,1.212167218043648,0.726468966412065,0.15471975511965977
1.0947974398873521,0.675,0.41260922321241444,0.3581425395527968,1.152081022621967,0.7097349372099983,0.15471975511965977
1.2375971059596154,0.675,0.3831821696665659,0.3573371125472594,1.0723268202820337,0.696130792730119,0.15471975511965977
1.3803967720318786,0.675,0.35364670197805376,0.3648366937853643,0.9693287654506219,0.6853445058572171,0.15471975511965977
1.523196438104142,0.675,0.3212139108229456,0.38650434038650616,0.8310745242905426,0.6776752999764023,0.15471975511965977
1.6659961041764055,0.675,0.29239099929142137,0.4155904665131953,0.7035555982421404,0.674089181131504,0.15471975511965977
1.8087957702486688,0.675,0.25936081021037233,0.4665537149132931,0.5559077163463876,0.6744731602698654,0.15471975511965977
1.951595436320932,0.675,0.2310179816028139,0.5236177710568507,0.44119583859145145,0.6791116051495393,0.15471975511965977
2.0943951023931953,0.675,0.19965187505940077,0.6086828665342611,0.3280063987938174,0.6884497405853549,0.15471975511965977
0.5235987755982988,0.9,0.6006713143431608,0.5432506014599556,1.10569838805312,0.8072940083217868,0.15471975511965977
0.6663984416705622,0.9,0.5770626144589177,0.49094083108715014,1.1754219203586258,0.7835472164399093,0.15471975511965977
0.8091981077428254,0.9,0.5527292532100456,0.43731832291985484,1.2639060021990929,0.7596578013968126,0.15471975511965977
0.9519977738150888,0.9,0.5231804228866966,0.40017676490423326,1.3073733129206027,0.7374782789052599,0.15471975511965977
1.0947974398873521,0.9,0.4706542133330347,0.37959008008246853,1.2399012461832033,0.7111682489441908,0.15471975511965977
1.2375971059596154,0.9,0.44334012318731064,0.3777500902154376,1.173633401211012,0.6956538656103579,0.15471975511965977
1.3803967720318786,0.9,0.39908161383696666,0.38137263449700654,1.046434845445365,0.6779326870775838,0.15471975511965977
1.523196438104142,0.9,0.3602060833284129,0.4188387426147791,0.8600113759287719,0.6677833162386502,0.15471975511965977
1.6659961041764055,0.9,0.3450007587952745,0.4286669848291126,0.8048223236338308,0.6653425854635521,0.15471975511965977
1.8087957702486688,0.9,0.3147707664620541,0.48751419460928475,0.6456648235941627,0.6665733274386111,0.15471975511965977
1.951595436320932,0.9,0.27775575512167416,0.5523462275150886,0.5028653067320653,0.6715794557492127,0.15471975511965977
2.0943951023931953,0.9,0.21098649106536577,0.67641277766939,0.3119197301274068,0.6805232195985865,0.15471975511965977
0.5235987755982988,1.125,0.7021984586158755,0.6616655614004414,1.0612588890521135,0.8460914910411048,0.15471975511965977
0.6663984416705622,1.125,0.6759192133564395,0.5950909668133836,1.1358250268456906,0.8192955374338312,0.15471975511965977
0.8091981077428254,1.125,0.6446952199989432,0.5371867314192176,1.2001324349462135,0.7929633549479881,0.15471975511965977
0.9519977738150888,1.125,0.6061784694150211,0.4965840436283147,1.22069663170397,0.7655487965289843,0.15471975511965977
1.0947974398873521,1.125,0.5657175687227448,0.47117666861759994,1.2006485176409973,0.7389119498368251,0.15471975511965977
1.2375971059596154,1.125,0.5012297055107275,0.44676892211858515,1.121899220594594,0.7018589243986404,0.15471975511965977
1.3803967720318786,1.125,0.4694030361995142,0.44726068129386687,1.049506598347953,0.6848726883407973,0.15471975511965977
1.523196438104142,1.125,0.4305632430558178,0.4719377187289824,0.9123306444236035,0.6739766801038601,0.15471975511965977
1.6659961041764055,1.125,0.3656436501326975,0.5208871483991702,0.7019632779507448,0.6590844672839189,0.15471975511965977
1.8087957702486688,1.125,0.3067178047388199,0.607921529381396,0.5045351906699659,0.6579205682081646,0.15471975511965977
1.951595436320932,1.125,0.2565173837976831,0.7079392785630737,0.3623437652991149,0.6675822422151869,0.15471975511965977
2.0943951023931953,1.125,0.22095038038218137,0.8257338252654102,0.2675806338818235,0.6861165110951055,0.15471975511965977
0.5235987755982988,1.35,0.8283935650341828,0.8298107519494046,0.9982921564803873,0.9052071250897042,0.15471975511965977
0.6663984416705622,1.35,0.8035039725355256,0.7582424850228764,1.0596926292138373,0.880690144806914,0.15471975511965977
0.8091981077428254,1.35,0.7819744319896743,0.6846517703935793,1.1421491418040854,0.8604548838290025,0.15471975511965977
0.9519977738150888,1.35,0.7341611179506654,0.6320987027159569,1.1614659463722579,0.8238989000058496,0.15471975511965977
1.0947974398873521,1.35,0.6652079817937093,0.5733387529126266,1.1602355124511932,0.7797387475990885,0.15471975511965977
1.2375971059596154,1.35,0.6149663182557636,0.5339991660903708,1.151624117240083,0.7454487799395458,0.15471975511965977
1.3803967720318786,1.35,0.5502065046711222,0.5485844289447175,1.002956838803327,0.7169653787080437,0.15471975511965977
1.523196438104142,1.35,0.5118071300793816,0.5633452533964047,0.9085141429588691,0.7001973316520816,0.15471975511965977
1.6659961041764055,1.35,0.4794026599798261,0.5818068181420587,0.8239894154399051,0.6921288363370232,0.15471975511965977
1.8087957702486688,1.35,0.42828326317714077,0.632269945990829,0.6773740645002174,0.6888418831282896,0.15471975511965977
1.951595436320932,1.35,0.37431104735752835,0.7387355796237078,0.5066915113905741,0.6963993828329545,0.15471975511965977
2.0943951023931953,1.35,0.3357283743148251,0.8400628198835107,0.3996467482769677,0.7173494065801,0.15471975511965977
0.5235987755982988,1.575,0.9802265265396465,0.9663206859057871,1.0143905029010372,0.9697118330897506,0.15471975511965977
0.6663984416705622,1.575,0.9567972709690443,0.8706240623019676,1.0989786664513166,0.9436779981676846,0.15471975511965977
0.8091981077428254,1.575,0.8987426300710002,0.8125698974022462,1.1060496247082803,0.9035703715455325,0.15471975511965977
0.9519977738150888,1.575,0.8305024385716135,0.716230421334245,1.159546444598785,0.8565932445501956,0.15471975511965977
1.0947974398873521,1.575,0.8111208051473766,0.6416891996184162,1.2640399832655962,0.83311221351188,0.15471975511965977
1.2375971059596154,1.575,0.7302722456556987,0.6248560864416166,1.168704700972664,0.790702168413449,0.15471975511965977
1.3803967720318786,1.575,0.6738558673714597,0.598809952694519,1.1253250957824765,0.756679580895016,0.15471975511965977
1.523196438104142,1.575,0.6130004716751745,0.6306628373079071,0.9719939647813601,0.7313029887044349,0.15471975511965977
1.6659961041764055,1.575,0.5553266351192258,0.6470016805669241,0.8583078712139207,0.709133050556812,0.15471975511965977
1.8087957702486688,1.575,0.5316057323300987,0.7008187031335341,0.758549579160998,0.7165863775970613,0.15471975511965977
1.951595436320932,1.575,0.46671890843238595,0.7925355173840031,0.5888933659060848,0.723082928208238,0.15471975511965977
2.0943951023931953,1.575,0.40610805791777316,0.9387478628373725,0.4326061064898816,0.7517419160372169,0.15471975511965977
0.5235987755982988,1.8,1.172148160273485,1.083831366866914,1.0814857330267833,1.0509640475468272,0.15471975511965977
0.6663984416705622,1.8,1.1465888941884677,0.9774002567808436,1.1731006680567715,1.0301718901858348,0.15471975511965977
0.8091981077428254,1.8,1.1007116615105303,0.8525836140430387,1.291030748633372,0.9870842806159349,0.15471975511965977
0.9519977738150888,1.8,1.058678751812558,0.7556579145577225,1.401002664588235,0.9576606391174979,0.15471975511965977
1.0947974398873521,1.8,0.9934959995013813,0.6743040286546023,1.4733650657310224,0.9166650598279341,0.15471975511965977
1.2375971059596154,1.8,0.9414798209596795,0.6181688263228214,1.523014071350175,0.8894792691173272,0.15471975511965977
1.3803967720318786,1.8,0.9068903269609757,0.5365634908512921,1.69018269491675,0.8682247713033308,0.15471975511965977
1.523196438104142,1.8,0.7822599347230115,0.5976733885995941,1.3088418350964586,0.807907987986879,0.15471975511965977
1.6659961041764055,1.8,0.6856366646173977,0.7020285579226208,0.9766506745057089,0.7645040936991767,0.15471975511965977
1.8087957702486688,1.8,0.6015327397709613,0.8039981535159229,0.7481767677455844,0.7453727509570117,0.15471975511965977
1.951595436320932,1.8,0.5929707408175133,0.8149421637332593,0.7276230967129098,0.7715598763208302,0.15471975511965977
2.0943951023931953,1.8,0.5275527008131828,0.9387446254232809,0.561976800213699,0.7966275925609221,0.15471975511965977
0.5235987755982988,0.0,0.04947943604856776,0.3419098945942263,0.14471484104690574,0.6388122530187028,0.07735987755982988
0.6663984416705622,0.0,0.04947943604856776,0.3419098945942263,0.14471484104690574,0.6388122530187028,0.07735987755982988
0.8091981077428254,0.0,0.04947943604856776,0.3419098945942263,0.14471484104690574,0.6388122530187028,0.07735987755982988
0.9519977738150888,0.0,0.04947943604856776,0.3419098945942263,0.14471484104690574,0.6388122530187028,0.07735987755982988
1.0947974398873521,0.0,0.04947943604856776,0.3419098945942263,0.14471484104690574,0.6388122530187028,0.07735987755982988
1.2375971059596154,0.0,0.04947943604856776,0.3419098945942263,0.14471484104690574,0.6388122530187028,0.07735987755982988
1.3803967720318786,0.0,0.04947943604856776,0.3419098945942263,0.14471484104690574,0.6388122530187028,0.07735987755982988
1.523196438104142,0.0,0.04947943604856776,0.3419098945942263,0.14471484104690574,0.6388122530187028,0.07735987755982988
1.6659961041764055,0.0,0.04947943604856776,0.3419098945942263,0.14471484104690574,0.6388122530187028,0.07735987755982988
1.8087957702486688,0.0,0.04947943604856776,0.3419098945942263,0.14471484104690574,0.6388122530187028,0.07735987755982988
1.951595436320932,0.0,0.04947943604856776,0.3419098945942263,0.14471484104690574,0.6388122530187028,0.07735987755982988
2.0943951023931953,0.0,0.04947943604856776,0.3419098945942263,0.14471484104690574,0.6388122530187028,0.07735987755982988
0.5235987755982988,0.225,0.06360627147545177,0.2978934606185992,0.21352020062262642,0.6177544970053439,0.07735987755982988
0.6663984416705622,0.225,0.05991372774079509,0.2968998700231477,0.20179775671886935,0.6144914002324632,0.07735987755982988
0.8091981077428254,0.225,0.05604750243325021,0.2968608055071714,0.18880061427272601,0.6117570087952793,0.07735987755982988
0.9519977738150888,0.225,0.05208371397539123,0.29778270670912554,0.17490509959756212,0.6096171302022179,0.07735987755982988
1.0947974398873521,0.225,0.04810226895707785,0.2996533455090862,0.1605263871669982,0.6081291235161261,0.07735987755982988
1.2375971059596154,0.225,0.04418518902630664,0.3024404376343832,0.14609550684396777,0.6073354888761214,0.07735987755982988
1.3803967720318786,0.225,0.040414511331510514,0.30609111479231743,0.1320342518237804,0.6072599834180188,0.07735987755982988
1.523196438104142,0.225,0.036869915086402624,0.31053326138774917,0.11873096917745242,0.6079077946984626,0.07735987755982988
1.6659961041764055,0.225,0.03362663269668565,0.3156778124811965,0.1065220023934645,0.6092658078564279,0.07735987755982988
1.8087957702486688,0.225,0.030753888896662543,0.32142089889071485,0.09568104937420097,0.6113033021203395,0.07735987755982988
1.951595436320932,0.225,0.028313267642566385,0.3276447156835589,0.0864145407732182,0.6139706180553599,0.07735987755982988
2.0943951023931953,0.225,0.0263571852221343,0.3342193407976982,0.07886193886693173,0.6172030028241591,0.07735987755982988
0.5235987755982988,0.45,0.08215314571087852,0.25757717844174516,0.3189457474760663,0.6000838911812392,0.07735987755982988
0.6663984416705622,0.45,0.0747316908706348,0.2555689904934731,0.29241298299272095,0.5932990454076307,0.07735987755982988
0.8091981077428254,0.45,0.06695177426550815,0.2554859117319505,0.26205661913660544,0.5875722776145017,0.07735987755982988
0.9519977738150888,0.45,0.0589643767048459,0.2573513751187727,0.22912011516407357,0.5830789490945781,0.07735987755982988
1.0947974398873521,0.45,0.05092883840713014,0.26114641882649714,0.1950202443364414,0.5799597275947557,0.07735987755982988
1.2375971059596154,0.45,0.04301021914166692,0.2668090954840366,0.16120222237416285,0.5783170892435429,0.07735987755982988
1.3803967720318786,0.45,0.03537467394830277,0.2742362756879448,0.12899341584027285,0.5782093015319023,0.07735987755982988
1.523196438104142,0.45,0.028185590923971503,0.28328392054380164,0.09949590809766211,0.5796461383296316,0.07735987755982988
1.6659961041764055,0.45,0.021600016589279097,0.293769286655302,0.07352714381821594,0.5825878333524329,0.07735987755982988
1.8087957702486688,0.45,0.015764015088917036,0.3054757668719653,0.051604797494539854,0.5869493018189798,0.07735987755982988
1.951595436320932,0.45,0.010808363640673984,0.3181579652925344,0.03397168959996365,0.5926001640525624,0.07735987755982988
2.0943951023931953,0.45,0.006844889127851632,0.331547328703141,0.02064528510793815,0.5993814916829848,0.07735987755982988
0.5235987755982988,0.675,0.10510362189993844,0.22005521859231403,0.4776238553772223,0.5854091164360918,0.07735987755982988
0.6663984416705622,0.675,0.09382329349375516,0.21707159190480263,0.4322228103201161,0.5748170161064691,0.07735987755982988
0.8091981077428254,0.675,0.08196529998150211,0.21704501237963206,0.3776419420232386,0.565790430905458,0.07735987755982988
0.9519977738150888,0.675,0.06975856827200566,0.22001655806852727,0.317060538008591,0.5586483682976578,0.07735987755982988
1.0947974398873521,0.675,0.05745294345238921,0.22595713003688447,0.2542647954636828,0.553668456086078,0.07735987755982988
1.2375971059596154,0.675,0.045310127688069544,0.23476895633523212,0.19299880356996665,0.5510594499791002,0.07735987755982988
1.3803967720318786,0.675,0.033597164925238926,0.24628682575580102,0.13641478719836714,0.5509465689486555,0.07735987755982988
1.523196438104142,0.675,0.022577230941905144,0.26028287951182666,0.08674112943674916,0.5533450282319154,0.07735987755982988
1.6659961041764055,0.675,0.012501342810876056,0.27647146861683075,0.04521747894428124,0.5581741991599465,0.07735987755982988
1.8087957702486688,0.675,0.0036011019247795184,0.29451431140360135,0.0122272561479859,0.5652542152959393,0.07735987755982988
1.951595436320932,0.675,-0.003917483950172068,0.3140277965193016,-0.012474959202954765,0.574324710598633,0.07735987755982988
2.0943951023931953,0.675,-0.00987981381821019,0.33459217380259293,-0.02952792860014476,0.5850837022059566,0.07735987755982988
0.5235987755982988,0.9,0.13258214185057535,0.1861596613950433,0.7121958691643038,0.5741476181147971,0.07735987755982988
0.6663984416705622,0.9,0.1170711078769696,0.1825438576442032,0.6413314005073415,0.5595184647185553,0.07735987755982988
0.8091981077428254,0.9,0.10072306017855359,0.18304615105249947,0.5502604649122899,0.5469430015150498,0.07735987755982988
0.9519977738150888,0.9,0.08401078311480438,0.18742498520850726,0.4482368400421307,0.5368782112052518,0.07735987755982988
1.0947974398873521,0.9,0.06719878110270427,0.19578146613625685,0.3432336187325124,0.5298305178737344,0.07735987755982988
1.2375971059596154,0.9,0.050655404407973004,0.20799004212516847,0.2435472577936619,0.5262005585095884,0.07735987755982988
1.3803967720318786,0.9,0.03475680620981829,0.2238237818611428,0.15528647546211571,0.5262253842915313,0.07735987755982988
1.523196438104142,0.9,0.019866661327755122,0.24297298246797966,0.08176489882109943,0.5299320120095985,0.07735987755982988
1.6659961041764055,0.9,0.006330097275192035,0.26504589941315954,0.023883022862106373,0.5371291658305883,0.07735987755982988
1.8087957702486688,0.9,-0.005534525018207037,0.2895758559696118,-0.01911252234643427,0.5474676755965332,0.07735987755982988
1.951595436320932,0.9,-0.015446531489011744,0.3160345403927358,-0.04887608636010594,0.5604838885707454,0.07735987755982988
2.0943951023931953,0.9,-0.023171637669304225,0.34384525441382396,-0.0673897265466306,0.5756702809703981,0.07735987755982988
0.5235987755982988,1.125,0.165226871728636,0.16571002546987884,0.9970843421218913,0.5707229009247853,0.07735987755982988
0.6663984416705622,1.125,0.14575200898823268,0.15973221629756965,0.9124772219819899,0.5514578928925967,0.07735987755982988
0.8091981077428254,1.125,0.12167866347245171,0.16020532683498145,0.7595169641130978,0.5336973218813195,0.07735987755982988
0.9519977738150888,1.125,0.10061082295832133,0.16389812826310957,0.6138619398801698,0.5199106354939238,0.07735987755982988
1.0947974398873521,1.125,0.07939016010904848,0.17399533401576545,0.45627752352172307,0.5103133295990757,0.07735987755982988
1.2375971059596154,1.125,0.05939716585532293,0.18767529605725572,0.3164889951056858,0.5054793117335926,0.07735987755982988
1.3803967720318786,1.125,0.03987697569123181,0.20616908257584976,0.1934187958398711,0.5055526440397826,0.07735987755982988
1.523196438104142,1.125,0.02206641873281672,0.22868682055523712,0.09649186900775854,0.5108782171970196,0.07735987755982988
1.6659961041764055,1.125,0.005416931636611945,0.255686166106941,0.02118586124188787,0.5208588023815286,0.07735987755982988
1.8087957702486688,1.125,-0.008736001353061707,0.28511847942338076,-0.030639898791299892,0.5348712714196134,0.07735987755982988
1.951595436320932,1.125,-0.019545619811593803,0.316067999262741,-0.06183992007158536,0.5523418821994488,0.07735987755982988
2.0943951023931953,1.125,-0.028227238011813413,0.34938615099220954,-0.0807909470127876,0.5721805791907202,0.07735987755982988
0.5235987755982988,1.35,0.19029315986063708,0.16843497315504605,1.1297722574840223,0.5732445948512215,0.07735987755982988
0.6663984416705622,1.35,0.16814514960713733,0.16293952003475104,1.0319482319039364,0.5507021834399277,0.07735987755982988
0.8091981077428254,1.35,0.14736349033023047,0.15987350464700026,0.9217505468189252,0.5307374855179906,0.07735987755982988
0.9519977738150888,1.35,0.12704529707100307,0.16148212358277456,0.7867452709456139,0.5145984007576121,0.07735987755982988
1.0947974398873521,1.35,0.1000548025077668,0.17248010230593078,0.5800947539461564,0.5015456500376325,0.07735987755982988
1.2375971059596154,1.35,0.07814013614921672,0.18544544480272102,0.4213645486538809,0.4955589184158577,0.07735987755982988
1.3803967720318786,1.35,0.05759197106045332,0.20337763425083422,0.2831775051007955,0.49638358168994473,0.07735987755982988
1.523196438104142,1.35,0.04099984205331172,0.2240246534427052,0.18301486654814766,0.5036156593441974,0.07735987755982988
1.6659961041764055,1.35,0.014200542090299853,0.25901869161454916,0.054824391250620476,0.5161459045313511,0.07735987755982988
1.8087957702486688,1.35,-0.0035447556782227277,0.29348779608858505,-0.01207803433554966,0.5348304609009472,0.07735987755982988
1.951595436320932,1.35,-0.015293812328754637,0.32795153717218567,-0.04663436695747173,0.5569993063675021,0.07735987755982988
2.0943951023931953,1.35,-0.022614666152847136,0.3649046756725339,-0.06197417479282063,0.582352676099956,0.07735987755982988
0.5235987755982988,1.575,0.2290193612974837,0.18764899569389124,1.2204667573658603,0.5911625412660306,0.07735987755982988
0.6663984416705622,1.575,0.20329791564059876,0.17743723902169983,1.1457454859052236,0.5634975755021474,0.07735987755982988
0.8091981077428254,1.575,0.1725746954861179,0.17424832187398415,0.9903951649584516,0.5352084455768773,0.07735987755982988
0.9519977738150888,1.575,0.1420904438220865,0.17739594032679207,0.8009791180132582,0.5124253138636841,0.07735987755982988
1.0947974398873521,1.575,0.1159719809824259,0.18460088969169564,0.6282308886815888,0.49681669706302134,0.07735987755982988
1.2375971059596154,1.575,0.09107058640763957,0.19867156309567105,0.45839769410675135,0.4894034169324536,0.07735987755982988
1.3803967720318786,1.575,0.0645122211982506,0.21891446606708848,0.2946914489354952,0.4909887984181983,0.07735987755982988
1.523196438104142,1.575,0.038775975714366695,0.24869323178899017,0.15591890231764377,0.5018562135842181,0.07735987755982988
1.6659961041764055,1.575,0.01920611261732712,0.28069582663426496,0.06842322113449835,0.5205780684670477,0.07735987755982988
1.8087957702486688,1.575,0.0030563494905568277,0.31557865367760385,0.009684905664371088,0.5439990020637175,0.07735987755982988
1.951595436320932,1.575,-0.008331820130192133,0.35439862074778805,-0.023509741975326622,0.5714350981467454,0.07735987755982988
2.0943951023931953,1.575,-0.016709202419659376,0.3962961259134992,-0.04216342610249626,0.601427835663029,0.07735987755982988
0.5235987755982988,1.8,0.26722956806911197,0.2230636722992941,1.1979968110206605,0.6164236333564354,0.07735987755982988
0.6663984416705622,1.8,0.23594638687964767,0.20803673541739973,1.1341573227740318,0.5809119902477253,0.07735987755982988
0.8091981077428254,1.8,0.2044587642703055,0.2008280758023125,1.0180785901248535,0.5503122826430339,0.07735987755982988
0.9519977738150888,1.8,0.17622610500656807,0.19713846742406527,0.8939204372908482,0.5233689181370073,0.07735987755982988
1.0947974398873521,1.8,0.14385310969346415,0.20313004758425648,0.7081823265649323,0.5014857649435723,0.07735987755982988
1.2375971059596154,1.8,0.12418528535858528,0.21340597752278523,0.5819203698046653,0.4940403571694746,0.07735987755982988
1.3803967720318786,1.8,0.0931215569974877,0.23316850910362985,0.3993745011085548,0.4953137899762227,0.07735987755982988
1.523196438104142,1.8,0.07090593129167347,0.25657652270941717,0.27635393348898557,0.5114670599149876,0.07735987755982988
1.6659961041764055,1.8,0.047619460146423875,0.2918088588544123,0.16318716413671977,0.5351406705246785,0.07735987755982988
1.8087957702486688,1.8,0.02477504718371098,0.3344778130669021,0.07407082388079202,0.5631321246821679,0.07735987755982988
1.951595436320932,1.8,0.012307614680197906,0.3775035872125497,0.03260264298698763,0.5950966961974233,0.07735987755982988
2.0943951023931953,1.8,0.004971007504453558,0.42196257890821387,0.011780683294986832,0.6293545344287751,0.07735987755982988
