phi,percent lengthening,thrust,power,efficiency,LE sigma magnitude
0.0,-0.5,4.494810406067843,10.074265692586136,0.4461675464223331,4.065995902170605
0.0,-0.25,4.7069356787445,11.818515324822753,0.3982679337783142,4.055183892041952
0.0,0.0,4.960709482201811,13.636023793232724,0.3637944284508882,3.839140868501122
0.0,0.25,5.276833648287909,15.456051821557116,0.34140889984129824,4.607278247063397
0.0,0.5,5.768995545746259,17.207305520046997,0.3352643177646388,6.183399611713154
0.17951958020513104,-0.5,4.528745022972734,9.98820940951417,0.45340909839744875,4.081658875861598
0.17951958020513104,-0.25,4.704824017558093,11.773394222817315,0.3996149222999731,3.9893483906485963
0.17951958020513104,0.0,4.960709482201811,13.636023793232724,0.3637944284508882,3.839140868501122
0.17951958020513104,0.25,5.373792347214447,15.613300299841004,0.34418042591989156,5.143768556870615
0.17951958020513104,0.5,5.898160949844604,17.417131044980565,0.3386413603142977,6.437757901363322
0.35903916041026207,-0.5,4.569850504344868,9.906817501112718,0.461283404466832,4.053818405723742
0.35903916041026207,-0.25,4.72436150186824,11.761321654766,0.4016862764699411,3.97338790511254
0.35903916041026207,0.0,4.960709482201811,13.636023793232724,0.3637944284508882,3.839140868501122
0.35903916041026207,0.25,5.316458313414041,15.53668735129036,0.34218737837783014,4.7745888740339755
0.35903916041026207,0.5,6.094116896971845,17.701921499212194,0.34426301671505305,6.605741275087648
0.5385587406153931,-0.5,4.64402450415657,9.890286036874146,0.4695541146982163,4.007219058747573
0.5385587406153931,-0.25,4.751184998607058,11.762695365364502,0.4039197523211406,3.9505213266970047
0.5385587406153931,0.0,4.960709482201811,13.636023793232724,0.3637944284508882,3.839140868501122
0.5385587406153931,0.25,5.355633856163137,15.589476464609794,0.34354161079887097,4.944531557248932
0.5385587406153931,0.5,5.946789091931821,17.52136284315256,0.33940219976985736,6.303083021345473
0.7180783208205241,-0.5,4.704583827494735,9.877078764730404,0.47631328447983146,3.923859044382965
0.7180783208205241,-0.25,4.733154054489304,11.735301349126164,0.4033261621220954,3.8383094491828404
0.7180783208205241,0.0,4.960709482201811,13.636023793232724,0.3637944284508882,3.839140868501122
0.7180783208205241,0.25,5.322457763732061,15.586203458929587,0.34148519732576305,4.618784146120289
0.7180783208205241,0.5,6.0872100528517965,17.787895658813078,0.34221080276215055,6.258186622692655
0.8975979010256552,-0.5,4.731162404014671,9.882566051121989,0.47873825275142295,3.7628561331855077
0.8975979010256552,-0.25,4.790282561604529,11.779980437702656,0.406646054035276,3.8654962307406
0.8975979010256552,0.0,4.960709482201811,13.636023793232724,0.3637944284508882,3.839140868501122
0.8975979010256552,0.25,5.4402853923149666,15.72665697241807,0.3459276438633028,4.933693321046573
0.8975979010256552,0.5,6.007162484585689,17.80292546925879,0.3374255818212889,5.9045104303085685
1.0771174812307862,-0.5,4.795534100554098,9.95053305795185,0.48193740703386784,3.614537636639123
1.0771174812307862,-0.25,4.814631372173052,11.801950151416687,0.4079521867489935,3.763660667534545
1.0771174812307862,0.0,4.960709482201811,13.636023793232724,0.3637944284508882,3.839140868501122
1.0771174812307862,0.25,5.412855224617871,15.732764007143551,0.3440498581279255,4.7725267204684565
1.0771174812307862,0.5,6.012771119513918,17.934829666905536,0.33525666154549866,5.6448087832262015
1.2566370614359172,-0.5,4.837033514750502,10.037769391774066,0.4818833075318947,3.438809080349294
1.2566370614359172,-0.25,4.797493722361281,11.806503469000285,0.40634331196851026,3.6348617506774628
1.2566370614359172,0.0,4.960709482201811,13.636023793232724,0.3637944284508882,3.839140868501122
1.2566370614359172,0.25,5.35777081194604,15.729046292668338,0.3406290955125116,4.481312037621847
1.2566370614359172,0.5,6.014266297627084,18.048721672942065,0.3332239483000857,5.3703208499068955
1.4361566416410483,-0.5,4.827820379466105,10.128177607201403,0.47667216815327135,3.195104509602561
1.4361566416410483,-0.25,4.782105301265842,11.814266813412058,0.40477376859620207,3.4984862087079898
1.4361566416410483,0.0,4.960709482201811,13.636023793232724,0.3637944284508882,3.839140868501122
1.4361566416410483,0.25,5.3275363337657655,15.74844384494958,0.3382896993644404,4.139486126313017
1.4361566416410483,0.5,6.0467738097498165,18.171358587795083,0.33276399123019745,5.082036939059635
1.6156762218461793,-0.5,4.815086610008452,10.21034388432272,0.4715890732536135,2.967793081454152
1.6156762218461793,-0.25,4.77848011819541,11.823316953941244,0.4041573220789389,3.3742864015473053
1.6156762218461793,0.0,4.960709482201811,13.636023793232724,0.3637944284508882,3.839140868501122
1.6156762218461793,0.25,5.34834997889884,15.776686023629187,0.33900338581172657,4.2022429741981915
1.6156762218461793,0.5,6.003452280554236,18.1953449919704,0.3299444051873464,4.720328049007416
1.7951958020513104,-0.5,4.767593285450269,10.262957653785236,0.4645437939317485,3.02854684753816
1.7951958020513104,-0.25,4.77756417882224,11.81905886603635,0.4042254322424276,3.2959323498490924
1.7951958020513104,0.0,4.960709482201811,13.636023793232724,0.3637944284508882,3.839140868501122
1.7951958020513104,0.25,5.342502606915566,15.768917032156882,0.33879958883801775,4.302877801636014
1.7951958020513104,0.5,5.948266847885124,18.151502943810318,0.32770106510180136,4.918929304419036
1.9747153822564414,-0.5,4.707795224488245,10.28035017025355,0.45794113493433014,3.193041407565028
1.9747153822564414,-0.25,4.742113416170353,11.801391776938933,0.40182662399505314,3.241804883800003
1.9747153822564414,0.0,4.960709482201811,13.636023793232724,0.3637944284508882,3.839140868501122
1.9747153822564414,0.25,5.316235856507334,15.801726852389521,0.33643385347490795,4.424278768138447
1.9747153822564414,0.5,5.896597397754849,18.04281713944615,0.32681134837105896,5.097122412505813
2.1542349624615724,-0.5,4.641279016922347,10.262144330259186,0.45227185153077304,3.3430906503229494
2.1542349624615724,-0.25,4.707570432849327,11.77392382598411,0.39983020974367905,3.3248337219596524
2.1542349624615724,0.0,4.960709482201811,13.636023793232724,0.3637944284508882,3.839140868501122
2.1542349624615724,0.25,5.318969335260769,15.748178838008553,0.3377513927149041,4.505590213547901
2.1542349624615724,0.5,5.83425157510225,17.87434353255973,0.32640368383178014,5.274618916302167
2.3337545426667035,-0.5,4.571927212886668,10.218186130686513,0.4474304102913714,3.4790704269223465
2.3337545426667035,-0.25,4.6863469857561375,11.733857718772585,0.3993867232818595,3.4012035789177637
2.3337545426667035,0.0,4.960709482201811,13.636023793232724,0.3637944284508882,3.839140868501122
2.3337545426667035,0.25,5.3213815818463575,15.774069588236035,0.3373499496803875,4.619008297314131
2.3337545426667035,0.5,5.742249718227568,17.725159647425425,0.3239603948538556,5.483973193202531
2.5132741228718345,-0.5,4.507477429904534,10.157998296174277,0.4437367775107964,3.6242464022109004
2.5132741228718345,-0.25,4.652979721203124,11.693915491067363,0.39789749846896,3.464407244258951
2.5132741228718345,0.0,4.960709482201811,13.636023793232724,0.3637944284508882,3.839140868501122
2.5132741228718345,0.25,5.3316473902684915,15.75966229631188,0.3383097486496407,4.702033808296859
2.5132741228718345,0.5,5.735065303468374,17.635335572749064,0.3252030719693512,5.624494556826884
2.6927937030769655,-0.5,4.455579562772266,10.093192304723656,0.4414440375506406,3.75903022479116
2.6927937030769655,-0.25,4.622878382620072,11.656103630032575,0.3966058066530035,3.515117546888228
2.6927937030769655,0.0,4.960709482201811,13.636023793232724,0.3637944284508882,3.839140868501122
2.6927937030769655,0.25,5.3821414221971455,15.815173194265784,0.3403150478395384,4.979643121215613
2.6927937030769655,0.5,5.810357668516944,17.69481625228439,0.3283649621265115,6.089550313696464
2.8723132832820966,-0.5,4.42564430025403,10.034268123381965,0.4410530240806844,3.905238526415255
2.8723132832820966,-0.25,4.599434657554467,11.63485013846559,0.3953153330568849,3.6736397531310434
2.8723132832820966,0.0,4.960709482201811,13.636023793232724,0.3637944284508882,3.839140868501122
2.8723132832820966,0.25,5.400744373330683,15.800821056724539,0.34180150220942007,4.979163958704334
2.8723132832820966,0.5,5.940265762161746,17.80218903267708,0.3336817596565232,6.400361699457042
3.0518328634872276,-0.5,4.4219603792594215,9.959580619324631,0.4439906205166377,3.999161111686688
3.0518328634872276,-0.25,4.591409102435419,11.613470458488575,0.39535202839211975,3.7722968929945626
3.0518328634872276,0.0,4.960709482201811,13.636023793232724,0.3637944284508882,3.839140868501122
3.0518328634872276,0.25,5.421812809390218,15.788111443084006,0.3434111058143846,5.003518321143117
3.0518328634872276,0.5,6.007736421203145,17.793227263856995,0.3376417516684302,6.470840145264099
3.2313524436923586,-0.5,4.438267398842386,9.87252603160493,0.4495574268058808,4.050551661811635
3.2313524436923586,-0.25,4.591906231765386,11.594244434881363,0.39605049363549777,3.80218756867719
3.2313524436923586,0.0,4.960709482201811,13.636023793232724,0.3637944284508882,3.839140868501122
3.2313524436923586,0.25,5.457284066231826,15.805671165166494,0.3452737950324389,5.050384862286271
3.2313524436923586,0.5,6.109088057284735,17.848989064229308,0.3422652137497131,6.5528816121310305
3.4108720238974897,-0.5,4.47219468999333,9.797799240042004,0.45644890045472675,4.045863807910538
3.4108720238974897,-0.25,4.6032279982856235,11.594211211837449,0.39702813017463606,3.83237700397661
3.4108720238974897,0.0,4.960709482201811,13.636023793232724,0.3637944284508882,3.839140868501122
3.4108720238974897,0.25,5.496269716194648,15.831671612614302,0.3471692598661123,5.11803204915688
3.4108720238974897,0.5,6.22381500902798,17.970640977475018,0.3463323883009577,6.603991466759565
3.5903916041026207,-0.5,4.511216892686125,9.739380033742322,0.4631934350088921,3.999417108315994
3.5903916041026207,-0.25,4.623692731616174,11.603147810440996,0.3984860666392255,3.8734286323036167
3.5903916041026207,0.0,4.960709482201811,13.636023793232724,0.3637944284508882,3.839140868501122
3.5903916041026207,0.25,5.452709930265397,15.764521614174905,0.3458848967140564,4.897601002112822
3.5903916041026207,0.5,6.1863029257961095,17.919287176147215,0.34523152985855615,6.400577434814029
3.7699111843077517,-0.5,4.560559471306259,9.720273775724793,0.46918014621107734,3.92317921959107
3.7699111843077517,-0.25,4.677696124055305,11.644967544755358,0.40169249987837347,3.9365927751851655
3.7699111843077517,0.0,4.960709482201811,13.636023793232724,0.3637944284508882,3.839140868501122
3.7699111843077517,0.25,5.418835977511978,15.720865245816205,0.34469069563166016,4.723047704600916
3.7699111843077517,0.5,6.0509506901873,17.755318635151543,0.3407965136828227,6.04576217147104
3.9494307645128828,-0.5,4.643014060345869,9.750114947478087,0.4762009561278871,3.858865140595711
3.9494307645128828,-0.25,4.693631842009666,11.66079179630085,0.40251399081652633,3.872246306179704
3.9494307645128828,0.0,4.960709482201811,13.636023793232724,0.3637944284508882,3.839140868501122
3.9494307645128828,0.25,5.651284444757826,15.966656756297132,0.3539428780247938,5.1230464949470145
3.9494307645128828,0.5,6.392961081857934,18.23122416816073,0.3506600008255448,6.2409115380810745
4.128950344718014,-0.5,4.64075374063039,9.777597243742216,0.4746313051092926,3.6471506870057917
4.128950344718014,-0.25,4.672649962448666,11.663849846182408,0.4006095778040241,3.7261848035939784
4.128950344718014,0.0,4.960709482201811,13.636023793232724,0.3637944284508882,3.839140868501122
4.128950344718014,0.25,5.592807590701964,15.927132406763034,0.3511496889626614,4.87810262042323
4.128950344718014,0.5,6.320602594176667,18.22895730732002,0.3467341816439806,5.902513332687215
4.308469924923145,-0.5,4.689133055034138,9.87179582374218,0.475003042886739,3.492047938437468
4.308469924923145,-0.25,4.705738749765339,11.707089789273986,0.4019563217219644,3.684108665873674
4.308469924923145,0.0,4.960709482201811,13.636023793232724,0.3637944284508882,3.839140868501122
4.308469924923145,0.25,5.5277140498761295,15.88937928962979,0.3478873497269836,4.6087242688098184
4.308469924923145,0.5,6.270654904261859,18.242726381482704,0.34373452592189796,5.611784581674745
4.487989505128276,-0.5,4.714718997412804,9.9853493128089,0.4721636519380356,3.298120582805693
4.487989505128276,-0.25,4.679873300981024,11.729331395264344,0.3989889230063444,3.514288499696519
4.487989505128276,0.0,4.960709482201811,13.636023793232724,0.3637944284508882,3.839140868501122
4.487989505128276,0.25,5.49084700189194,15.868275326296288,0.34602670353171416,4.429026116208504
4.487989505128276,0.5,6.212845701129956,18.258262112152682,0.3402758522671603,5.24277600735901
4.667509085333407,-0.5,4.73301025273363,10.10359145672323,0.4684483010824972,3.0830961935595895
4.667509085333407,-0.25,4.683925871059902,11.759165083308135,0.3983212955916936,3.418278741563735
4.667509085333407,0.0,4.960709482201811,13.636023793232724,0.3637944284508882,3.839140868501122
4.667509085333407,0.25,5.562784552067267,15.902071451753242,0.349815089747566,4.48979624185663
4.667509085333407,0.5,6.133332420272134,18.23576696640087,0.33633531463594085,4.87933933320985
4.847028665538538,-0.5,4.72862748804713,10.199635476011856,0.46360749844131327,3.0447373938786066
4.847028665538538,-0.25,4.673494333192513,11.7822076878851,0.3966569302625664,3.3283388964709104
4.847028665538538,0.0,4.960709482201811,13.636023793232724,0.3637944284508882,3.839140868501122
4.847028665538538,0.25,5.467787319185289,15.831446895150517,0.345375085132628,4.200183708445631
4.847028665538538,0.5,6.0648949980541484,18.180212694914992,0.33359868225031825,4.578734402731322
5.026548245743669,-0.5,4.69237834179618,10.258291780583656,0.45742297471764864,3.215369944484947
5.026548245743669,-0.25,4.65052099167169,11.80388829895673,0.39398212469383664,3.422283282132276
5.026548245743669,0.0,4.960709482201811,13.636023793232724,0.3637944284508882,3.839140868501122
5.026548245743669,0.25,5.496411056105287,15.798301747668535,0.3479115125090221,4.197804383867204
5.026548245743669,0.5,5.990866876398075,18.073470546693787,0.3314729653566174,4.634708967646105
5.2060678259488,-0.5,4.636700033502427,10.288207990758785,0.4506810163312471,3.3679980246193293
5.2060678259488,-0.25,4.635968035727782,11.826616268538109,0.3919944581325995,3.516055231822268
5.2060678259488,0.0,4.960709482201811,13.636023793232724,0.3637944284508882,3.839140868501122
5.2060678259488,0.25,5.474872561942049,15.727694646369539,0.34810394562217845,4.096477714490035
5.2060678259488,0.5,5.924191791664194,17.903948646827743,0.3308874432408436,4.856268167891987
5.385587406153931,-0.5,4.580427163610616,10.284803087996865,0.44535876131224306,3.5029496399541773
5.385587406153931,-0.25,4.629815859677765,11.825045667827341,0.39152625619655795,3.6037880264158964
5.385587406153931,0.0,4.960709482201811,13.636023793232724,0.3637944284508882,3.839140868501122
5.385587406153931,0.25,5.429034241904653,15.646591817982845,0.3469787098085469,4.072217497933951
5.385587406153931,0.5,5.857255477108305,17.674368474210695,0.33139828931680565,5.022037821906123
5.565106986359062,-0.5,4.526749830535015,10.257124705490787,0.4413273661488955,3.621080160945105
5.565106986359062,-0.25,4.632127195700271,11.841370855973858,0.3911816673965081,3.691356140111554
5.565106986359062,0.0,4.960709482201811,13.636023793232724,0.3637944284508882,3.839140868501122
5.565106986359062,0.25,5.382758011473596,15.566238697594876,0.34579695943537603,4.148703136328419
5.565106986359062,0.5,5.786373560824376,17.410694749419584,0.33234593128555506,5.188194298992844
5.744626566564193,-0.5,4.484178575141173,10.22767123014303,0.43843593270043574,3.717018409428205
5.744626566564193,-0.25,4.645480367890081,11.853947353619523,0.39189311621766354,3.828468423701191
5.744626566564193,0.0,4.960709482201811,13.636023793232724,0.3637944284508882,3.839140868501122
5.744626566564193,0.25,5.339857720152789,15.49828937165073,0.34454497474543144,4.213124583366302
5.744626566564193,0.5,5.721790893767364,17.166921988833437,0.3333032501393794,5.331289611666004
5.924146146769324,-0.5,4.467949494602788,10.212420586376588,0.4375015165907925,3.8929647006354275
5.924146146769324,-0.25,4.656820547208678,11.837474237833215,0.3933964673245265,3.896996689793005
5.924146146769324,0.0,4.960709482201811,13.636023793232724,0.3637944284508882,3.839140868501122
5.924146146769324,0.25,5.305113375743629,15.451383596945774,0.34334228662812266,4.260890084027827
5.924146146769324,0.5,5.674637329554846,17.040939413652545,0.33300026435212515,5.628494934152014
6.103665726974455,-0.5,4.474559713787414,10.155167180603817,0.4406190104219792,4.008925858780004
6.103665726974455,-0.25,4.670830973070979,11.814411531996406,0.3953502855746298,3.9479287897737567
6.103665726974455,0.0,4.960709482201811,13.636023793232724,0.3637944284508882,3.839140868501122
6.103665726974455,0.25,5.2779597567332415,15.442228847685191,0.34178743294070624,4.457238041337052
6.103665726974455,0.5,5.702317439783514,17.107345735304655,0.3333256676993186,6.039171305536294
6.283185307179586,-0.5,4.494672739104723,10.074087924046731,0.4461617540954741,4.065373873931142
6.283185307179586,-0.25,4.701040740195148,11.810622788243517,0.39803495755318163,4.018713899963753
6.283185307179586,0.0,4.960709482201811,13.636023793232724,0.3637944284508882,3.839140868501122
6.283185307179586,0.25,5.279958542080461,15.468426015385548,0.3413378023613257,4.672031367429484
6.283185307179586,0.5,5.769277107176637,17.208892431485257,0.3352497628854494,6.187749332477004
